"extract_id","I5_SEQ","I7_SEQ"
"13a","TATAGCCT","ATTACTCG"
"6_alpha","ATAGAGGC","ATTACTCG"
"16_a","CCTATCCT","ATTACTCG"
"4_a","GGCTCTGA","ATTACTCG"
"4_b","AGGCGAAG","ATTACTCG"
"7_a","TAATCTTA","ATTACTCG"
"8_a","CAGGACGT","ATTACTCG"
"8_b","GTACTGAC","ATTACTCG"
"14_a","TATAGCCT","TCCGGAGA"
"10_a","ATAGAGGC","TCCGGAGA"
"12_a","CCTATCCT","TCCGGAGA"
"12_b","GGCTCTGA","TCCGGAGA"
"14_b","AGGCGAAG","TCCGGAGA"
"15_b","TAATCTTA","TCCGGAGA"
"3-beta","CAGGACGT","TCCGGAGA"
"4-alpha","GTACTGAC","TCCGGAGA"
"5-alpha","TATAGCCT","CGCTCATT"
"7-alpha","ATAGAGGC","CGCTCATT"
"1-beta","CCTATCCT","CGCTCATT"
"2-alpha","GGCTCTGA","CGCTCATT"
"17a","AGGCGAAG","CGCTCATT"
"17b","TAATCTTA","CGCTCATT"
"18a","CAGGACGT","CGCTCATT"
"18b","GTACTGAC","CGCTCATT"
"19a","TATAGCCT","GAGATTCC"
"1a","ATAGAGGC","GAGATTCC"
"7a","CCTATCCT","GAGATTCC"
"1b","GGCTCTGA","GAGATTCC"
"2a","AGGCGAAG","GAGATTCC"
"2b","TAATCTTA","GAGATTCC"
"3a","CAGGACGT","GAGATTCC"
"3b","GTACTGAC","GAGATTCC"
"4a","TATAGCCT","ATTCAGAA"
"4b","ATAGAGGC","ATTCAGAA"
"5a","CCTATCCT","ATTCAGAA"
"5b","GGCTCTGA","ATTCAGAA"
"6a","AGGCGAAG","ATTCAGAA"
"6b","TAATCTTA","ATTCAGAA"
"7B","CAGGACGT","ATTCAGAA"
"11a","GTACTGAC","ATTCAGAA"
"11b","TATAGCCT","GAATTCGT"
"16a","ATAGAGGC","GAATTCGT"
"4","CCTATCCT","GAATTCGT"
"5","GGCTCTGA","GAATTCGT"
"6","AGGCGAAG","GAATTCGT"
"7","TAATCTTA","GAATTCGT"
"14","CAGGACGT","GAATTCGT"
"9","GTACTGAC","GAATTCGT"
"17","TATAGCCT","CTGAAGCT"
"20","ATAGAGGC","CTGAAGCT"
"21","CCTATCCT","CTGAAGCT"
"22","GGCTCTGA","CTGAAGCT"
"24","AGGCGAAG","CTGAAGCT"
"25","TAATCTTA","CTGAAGCT"
"26","CAGGACGT","CTGAAGCT"
"27","GTACTGAC","CTGAAGCT"
"28","TATAGCCT","TAATGCGC"
"29","ATAGAGGC","TAATGCGC"
"30","CCTATCCT","TAATGCGC"
"32","GGCTCTGA","TAATGCGC"
"34","AGGCGAAG","TAATGCGC"
"36","TAATCTTA","TAATGCGC"
"38","CAGGACGT","TAATGCGC"
"39","GTACTGAC","TAATGCGC"
"43","TATAGCCT","CGGCTATG"
"44","ATAGAGGC","CGGCTATG"
"3","CCTATCCT","CGGCTATG"
"10","GGCTCTGA","CGGCTATG"
"12","AGGCGAAG","CGGCTATG"
"15","TAATCTTA","CGGCTATG"
"18","CAGGACGT","CGGCTATG"
"19","GTACTGAC","CGGCTATG"
"23","TATAGCCT","TCCGCGAA"
"31","ATAGAGGC","TCCGCGAA"
"40","CCTATCCT","TCCGCGAA"
"41","GGCTCTGA","TCCGCGAA"
"33","AGGCGAAG","TCCGCGAA"
"35","TAATCTTA","TCCGCGAA"
"49","CAGGACGT","TCCGCGAA"
"51","GTACTGAC","TCCGCGAA"
"55","TATAGCCT","TCTCGCGC"
"60","ATAGAGGC","TCTCGCGC"
"65","CCTATCCT","TCTCGCGC"
"4","GGCTCTGA","TCTCGCGC"
"5","AGGCGAAG","TCTCGCGC"
"7","TAATCTTA","TCTCGCGC"
"21","CAGGACGT","TCTCGCGC"
"26","GTACTGAC","TCTCGCGC"
"30","TATAGCCT","AGCGATAG"
"44","ATAGAGGC","AGCGATAG"
"42","CCTATCCT","AGCGATAG"
"45","GGCTCTGA","AGCGATAG"
"46","AGGCGAAG","AGCGATAG"
"52","TAATCTTA","AGCGATAG"
"54","CAGGACGT","AGCGATAG"
"56","GTACTGAC","AGCGATAG"
