"sample.id","name","Genus","Seqs_pr_taxon","Total_seqs","Prcnt_seqs","Rank","Family","Order"
"10","Agastache pallidiflora","Agastache",10119,71086,14.2348704386236,"species","Lamiaceae","Lamiaceae"
"10","Mertensia fusiformis","Mertensia",3718,71086,5.23028444419436,"species","Boraginaceae","Boraginaceae"
"10","Mertensia ciliata","Mertensia",3261,71086,4.58740117604029,"species","Boraginaceae","Boraginaceae"
"10","Lupinus argenteus","Lupinus",2970,71086,4.17803786962271,"species","Fabaceae","Fabaceae"
"10","Taraxacum officinale","Taraxacum",2728,71086,3.83760515432012,"species","Asteraceae","Asteraceae"
"10","Lupinus sericeus","Lupinus",2346,71086,3.30022789297471,"species","Fabaceae","Fabaceae"
"12","Hydrophyllum fendleri","Hydrophyllum",12368,59478,20.7942432496049,"species","Hydrophyllaceae","Hydrophyllaceae"
"12","Agastache pallidiflora","Agastache",1339,59478,2.25125256397323,"species","Lamiaceae","Lamiaceae"
"12","Taraxacum officinale","Taraxacum",1009,59478,1.69642556911799,"species","Asteraceae","Asteraceae"
"14","Hydrophyllum fendleri","Hydrophyllum",11717,69233,16.9240102263372,"species","Hydrophyllaceae","Hydrophyllaceae"
"14","Hydrophyllum capitatum","Hydrophyllum",8250,69233,11.9162826975575,"species","Hydrophyllaceae","Hydrophyllaceae"
"14","Taraxacum officinale","Taraxacum",1671,69233,2.41358889546892,"species","Asteraceae","Asteraceae"
"14","Mertensia fusiformis","Mertensia",1469,69233,2.12182051911661,"species","Boraginaceae","Boraginaceae"
"14","Lupinus argenteus","Lupinus",1058,69233,1.52817298109283,"species","Fabaceae","Fabaceae"
"14","Mertensia ciliata","Mertensia",812,69233,1.17285109702021,"species","Boraginaceae","Boraginaceae"
"14","Chamaenerion angustifolium","Chamaenerion",664,69233,0.959080207415539,"species","Onagraceae","Onagraceae"
"15","Taraxacum officinale","Taraxacum",10424,74768,13.9417932805478,"species","Asteraceae","Asteraceae"
"15","Hydrophyllum fendleri","Hydrophyllum",2213,74768,2.95982238390755,"species","Hydrophyllaceae","Hydrophyllaceae"
"17","Lupinus argenteus","Lupinus",182233,484682,37.5984666234768,"species","Fabaceae","Fabaceae"
"17",NA,NA,137873,484682,28.4460739206325,"species",NA,NA
"17","Lupinus sericeus","Lupinus",131686,484682,27.1695668500171,"species","Fabaceae","Fabaceae"
"17","Taraxacum officinale","Taraxacum",4575,484682,0.943917867797855,"species","Asteraceae","Asteraceae"
"18","Lupinus argenteus","Lupinus",115509,595570,19.3946975166647,"species","Fabaceae","Fabaceae"
"18","Mertensia fusiformis","Mertensia",100038,595570,16.7970179827728,"species","Boraginaceae","Boraginaceae"
"18",NA,NA,61187,595570,10.2736873919103,"species",NA,NA
"18","Lupinus sericeus","Lupinus",58766,595570,9.86718605705459,"species","Fabaceae","Fabaceae"
"18","Mertensia ciliata","Mertensia",31354,595570,5.26453649445069,"species","Boraginaceae","Boraginaceae"
"19","Hydrophyllum capitatum","Hydrophyllum",22933,154482,14.8450952214497,"species","Hydrophyllaceae","Hydrophyllaceae"
"19","Hydrophyllum fendleri","Hydrophyllum",11233,154482,7.27139731489753,"species","Hydrophyllaceae","Hydrophyllaceae"
"19","Lupinus argenteus","Lupinus",1789,154482,1.15806372263435,"species","Fabaceae","Fabaceae"
"19","Chamaenerion angustifolium","Chamaenerion",1412,154482,0.914022345645447,"species","Onagraceae","Onagraceae"
"19",NA,NA,1185,154482,0.767079659766186,"species",NA,NA
"19","Lupinus sericeus","Lupinus",1129,154482,0.730829481751919,"species","Fabaceae","Fabaceae"
"20","Mertensia fusiformis","Mertensia",15244,49733,30.6516799710454,"species","Boraginaceae","Boraginaceae"
"20","Mertensia ciliata","Mertensia",15152,49733,30.4666921360063,"species","Boraginaceae","Boraginaceae"
"20","Lupinus argenteus","Lupinus",3852,49733,7.74536022359399,"species","Fabaceae","Fabaceae"
"20","Hydrophyllum fendleri","Hydrophyllum",3119,49733,6.27148975529327,"species","Hydrophyllaceae","Hydrophyllaceae"
"20","Lupinus sericeus","Lupinus",947,49733,1.90416825850039,"species","Fabaceae","Fabaceae"
"20","Taraxacum officinale","Taraxacum",703,49733,1.41354834817928,"species","Asteraceae","Asteraceae"
"21","Hydrophyllum fendleri","Hydrophyllum",17841,28613,62.3527767098871,"species","Hydrophyllaceae","Hydrophyllaceae"
"21","Hydrophyllum capitatum","Hydrophyllum",987,28613,3.44948100513753,"species","Hydrophyllaceae","Hydrophyllaceae"
"21","Lupinus argenteus","Lupinus",466,28613,1.62863034285115,"species","Fabaceae","Fabaceae"
"21","Lupinus sericeus","Lupinus",341,28613,1.19176598049837,"species","Fabaceae","Fabaceae"
"21","Taraxacum officinale","Taraxacum",332,28613,1.16031174640897,"species","Asteraceae","Asteraceae"
"21","Mertensia fusiformis","Mertensia",290,28613,1.01352532065844,"species","Boraginaceae","Boraginaceae"
"22","Lupinus argenteus","Lupinus",4,32,12.5,"species","Fabaceae","Fabaceae"
"22","Mertensia ciliata","Mertensia",2,32,6.25,"species","Boraginaceae","Boraginaceae"
"22","Lupinus sericeus","Lupinus",2,32,6.25,"species","Fabaceae","Fabaceae"
"22","Hydrophyllum fendleri","Hydrophyllum",2,32,6.25,"species","Hydrophyllaceae","Hydrophyllaceae"
"22","Mertensia fusiformis","Mertensia",1,32,3.125,"species","Boraginaceae","Boraginaceae"
"24","Taraxacum officinale","Taraxacum",430,11984,3.58811748998665,"species","Asteraceae","Asteraceae"
"24","Dasiphora fruticosa","Dasiphora",150,11984,1.25166889185581,"species","Rosaceae","Rosaceae"
"25","Taraxacum officinale","Taraxacum",464,54231,0.85559919603179,"species","Asteraceae","Asteraceae"
"25","Dasiphora fruticosa","Dasiphora",257,54231,0.473898692629677,"species","Rosaceae","Rosaceae"
"26","Taraxacum officinale","Taraxacum",8434,388389,2.17153420925927,"species","Asteraceae","Asteraceae"
"26","Hydrophyllum capitatum","Hydrophyllum",2375,388389,0.611500325704384,"species","Hydrophyllaceae","Hydrophyllaceae"
"27","Lupinus argenteus","Lupinus",429,58087,0.738547351386713,"species","Fabaceae","Fabaceae"
"27","Lupinus sericeus","Lupinus",368,58087,0.633532459930793,"species","Fabaceae","Fabaceae"
"27","Hydrophyllum capitatum","Hydrophyllum",360,58087,0.619760015149689,"species","Hydrophyllaceae","Hydrophyllaceae"
"29","Agastache pallidiflora","Agastache",50577,202110,25.0244916134778,"species","Lamiaceae","Lamiaceae"
"29","Lupinus argenteus","Lupinus",3647,202110,1.80446291623373,"species","Fabaceae","Fabaceae"
"29","Helianthella quinquenervis","Helianthella",2908,202110,1.4388204443125,"species","Asteraceae","Asteraceae"
"3","Lupinus sericeus","Lupinus",161,16943,0.950244938912825,"species","Fabaceae","Fabaceae"
"3","Lupinus argenteus","Lupinus",115,16943,0.678746384937732,"species","Fabaceae","Fabaceae"
"30","Lupinus argenteus","Lupinus",60731,283698,21.4069186247348,"species","Fabaceae","Fabaceae"
"31","Agastache pallidiflora","Agastache",10119,71086,14.2348704386236,"species","Lamiaceae","Lamiaceae"
"31","Mertensia fusiformis","Mertensia",3718,71086,5.23028444419436,"species","Boraginaceae","Boraginaceae"
"31","Mertensia ciliata","Mertensia",3261,71086,4.58740117604029,"species","Boraginaceae","Boraginaceae"
"31","Lupinus argenteus","Lupinus",2970,71086,4.17803786962271,"species","Fabaceae","Fabaceae"
"31","Taraxacum officinale","Taraxacum",2728,71086,3.83760515432012,"species","Asteraceae","Asteraceae"
"31","Cirsium parryi","Cirsium",2435,71086,3.42542835438764,"species","Asteraceae","Asteraceae"
"31","Lupinus sericeus","Lupinus",2346,71086,3.30022789297471,"species","Fabaceae","Fabaceae"
"32","Hydrophyllum fendleri","Hydrophyllum",12368,59478,20.7942432496049,"species","Hydrophyllaceae","Hydrophyllaceae"
"32","Agastache pallidiflora","Agastache",1339,59478,2.25125256397323,"species","Lamiaceae","Lamiaceae"
"32","Taraxacum officinale","Taraxacum",1009,59478,1.69642556911799,"species","Asteraceae","Asteraceae"
"33","Hydrophyllum fendleri","Hydrophyllum",11717,69233,16.9240102263372,"species","Hydrophyllaceae","Hydrophyllaceae"
"33","Hydrophyllum capitatum","Hydrophyllum",8250,69233,11.9162826975575,"species","Hydrophyllaceae","Hydrophyllaceae"
"33","Taraxacum officinale","Taraxacum",1671,69233,2.41358889546892,"species","Asteraceae","Asteraceae"
"33","Mertensia fusiformis","Mertensia",1469,69233,2.12182051911661,"species","Boraginaceae","Boraginaceae"
"33","Lupinus argenteus","Lupinus",1058,69233,1.52817298109283,"species","Fabaceae","Fabaceae"
"33","Mertensia ciliata","Mertensia",812,69233,1.17285109702021,"species","Boraginaceae","Boraginaceae"
"33","Chamaenerion angustifolium","Chamaenerion",664,69233,0.959080207415539,"species","Onagraceae","Onagraceae"
"35","Taraxacum officinale","Taraxacum",10424,74768,13.9417932805478,"species","Asteraceae","Asteraceae"
"35","Hydrophyllum fendleri","Hydrophyllum",2213,74768,2.95982238390755,"species","Hydrophyllaceae","Hydrophyllaceae"
"36","Lupinus argenteus","Lupinus",182233,484682,37.5984666234768,"species","Fabaceae","Fabaceae"
"36",NA,NA,137873,484682,28.4460739206325,"species",NA,NA
"36","Lupinus sericeus","Lupinus",131686,484682,27.1695668500171,"species","Fabaceae","Fabaceae"
"36","Mertensia ciliata","Mertensia",5704,484682,1.17685410227737,"species","Boraginaceae","Boraginaceae"
"36","Taraxacum officinale","Taraxacum",4575,484682,0.943917867797855,"species","Asteraceae","Asteraceae"
"36","Mertensia fusiformis","Mertensia",1706,484682,0.351983362287025,"species","Boraginaceae","Boraginaceae"
"38","Lupinus argenteus","Lupinus",115509,595570,19.3946975166647,"species","Fabaceae","Fabaceae"
"38","Mertensia fusiformis","Mertensia",100038,595570,16.7970179827728,"species","Boraginaceae","Boraginaceae"
"38",NA,NA,61187,595570,10.2736873919103,"species",NA,NA
"38","Lupinus sericeus","Lupinus",58766,595570,9.86718605705459,"species","Fabaceae","Fabaceae"
"38","Mertensia ciliata","Mertensia",31354,595570,5.26453649445069,"species","Boraginaceae","Boraginaceae"
"39","Hydrophyllum capitatum","Hydrophyllum",22933,154482,14.8450952214497,"species","Hydrophyllaceae","Hydrophyllaceae"
"39","Hydrophyllum fendleri","Hydrophyllum",11233,154482,7.27139731489753,"species","Hydrophyllaceae","Hydrophyllaceae"
"39","Lupinus argenteus","Lupinus",1789,154482,1.15806372263435,"species","Fabaceae","Fabaceae"
"39","Chamaenerion angustifolium","Chamaenerion",1412,154482,0.914022345645447,"species","Onagraceae","Onagraceae"
"39",NA,NA,1185,154482,0.767079659766186,"species",NA,NA
"39","Lupinus sericeus","Lupinus",1129,154482,0.730829481751919,"species","Fabaceae","Fabaceae"
"4","Mertensia fusiformis","Mertensia",15244,49733,30.6516799710454,"species","Boraginaceae","Boraginaceae"
"4","Mertensia ciliata","Mertensia",15152,49733,30.4666921360063,"species","Boraginaceae","Boraginaceae"
"4","Lupinus argenteus","Lupinus",3852,49733,7.74536022359399,"species","Fabaceae","Fabaceae"
"4","Hydrophyllum fendleri","Hydrophyllum",3119,49733,6.27148975529327,"species","Hydrophyllaceae","Hydrophyllaceae"
"4","Lupinus sericeus","Lupinus",947,49733,1.90416825850039,"species","Fabaceae","Fabaceae"
"4","Taraxacum officinale","Taraxacum",703,49733,1.41354834817928,"species","Asteraceae","Asteraceae"
"40","Hydrophyllum fendleri","Hydrophyllum",17841,28613,62.3527767098871,"species","Hydrophyllaceae","Hydrophyllaceae"
"40","Hydrophyllum capitatum","Hydrophyllum",987,28613,3.44948100513753,"species","Hydrophyllaceae","Hydrophyllaceae"
"40","Lupinus argenteus","Lupinus",466,28613,1.62863034285115,"species","Fabaceae","Fabaceae"
"40","Lupinus sericeus","Lupinus",341,28613,1.19176598049837,"species","Fabaceae","Fabaceae"
"40","Taraxacum officinale","Taraxacum",332,28613,1.16031174640897,"species","Asteraceae","Asteraceae"
"40","Mertensia fusiformis","Mertensia",290,28613,1.01352532065844,"species","Boraginaceae","Boraginaceae"
"41","Lupinus argenteus","Lupinus",4,32,12.5,"species","Fabaceae","Fabaceae"
"41","Mertensia ciliata","Mertensia",2,32,6.25,"species","Boraginaceae","Boraginaceae"
"41","Lupinus sericeus","Lupinus",2,32,6.25,"species","Fabaceae","Fabaceae"
"41","Hydrophyllum fendleri","Hydrophyllum",2,32,6.25,"species","Hydrophyllaceae","Hydrophyllaceae"
"41","Mertensia fusiformis","Mertensia",1,32,3.125,"species","Boraginaceae","Boraginaceae"
"43","Taraxacum officinale","Taraxacum",430,11984,3.58811748998665,"species","Asteraceae","Asteraceae"
"43","Dasiphora fruticosa","Dasiphora",150,11984,1.25166889185581,"species","Rosaceae","Rosaceae"
"44","Taraxacum officinale","Taraxacum",464,54231,0.85559919603179,"species","Asteraceae","Asteraceae"
"44","Dasiphora fruticosa","Dasiphora",257,54231,0.473898692629677,"species","Rosaceae","Rosaceae"
"45","Taraxacum officinale","Taraxacum",8434,388389,2.17153420925927,"species","Asteraceae","Asteraceae"
"45","Hydrophyllum capitatum","Hydrophyllum",2375,388389,0.611500325704384,"species","Hydrophyllaceae","Hydrophyllaceae"
"46","Lupinus argenteus","Lupinus",429,58087,0.738547351386713,"species","Fabaceae","Fabaceae"
"46","Lupinus sericeus","Lupinus",368,58087,0.633532459930793,"species","Fabaceae","Fabaceae"
"46","Hydrophyllum capitatum","Hydrophyllum",360,58087,0.619760015149689,"species","Hydrophyllaceae","Hydrophyllaceae"
"49","Delphinium barbeyi","Delphinium",33218,71828,46.2465890738988,"species","Ranunculaceae","Ranunculaceae"
"51","Agastache pallidiflora","Agastache",50577,202110,25.0244916134778,"species","Lamiaceae","Lamiaceae"
"51","Lupinus argenteus","Lupinus",3647,202110,1.80446291623373,"species","Fabaceae","Fabaceae"
"51","Helianthella quinquenervis","Helianthella",2908,202110,1.4388204443125,"species","Asteraceae","Asteraceae"
"52","Lupinus sericeus","Lupinus",161,16943,0.950244938912825,"species","Fabaceae","Fabaceae"
"52","Lupinus argenteus","Lupinus",115,16943,0.678746384937732,"species","Fabaceae","Fabaceae"
"54","Mertensia fusiformis","Mertensia",75167,283698,26.495428237069,"species","Boraginaceae","Boraginaceae"
"54","Lupinus argenteus","Lupinus",60731,283698,21.4069186247348,"species","Fabaceae","Fabaceae"
"54","Mertensia ciliata","Mertensia",43984,283698,15.5038103899217,"species","Boraginaceae","Boraginaceae"
"54","Delphinium barbeyi","Delphinium",29197,283698,10.2915776635718,"species","Ranunculaceae","Ranunculaceae"
"55","Mertensia fusiformis","Mertensia",168993,464609,36.3731653928357,"species","Boraginaceae","Boraginaceae"
"55","Lupinus argenteus","Lupinus",71817,464609,15.4575137373577,"species","Fabaceae","Fabaceae"
"55","Mertensia ciliata","Mertensia",46366,464609,9.97957422262591,"species","Boraginaceae","Boraginaceae"
"55",NA,NA,9273,464609,1.99587179757603,"species",NA,NA
"56","Agastache pallidiflora","Agastache",10119,71086,14.2348704386236,"species","Lamiaceae","Lamiaceae"
"56","Mertensia fusiformis","Mertensia",3718,71086,5.23028444419436,"species","Boraginaceae","Boraginaceae"
"56","Mertensia ciliata","Mertensia",3261,71086,4.58740117604029,"species","Boraginaceae","Boraginaceae"
"56","Lupinus argenteus","Lupinus",2970,71086,4.17803786962271,"species","Fabaceae","Fabaceae"
"56","Taraxacum officinale","Taraxacum",2728,71086,3.83760515432012,"species","Asteraceae","Asteraceae"
"56","Lupinus sericeus","Lupinus",2346,71086,3.30022789297471,"species","Fabaceae","Fabaceae"
"6","Hydrophyllum fendleri","Hydrophyllum",12368,59478,20.7942432496049,"species","Hydrophyllaceae","Hydrophyllaceae"
"6","Agastache pallidiflora","Agastache",1339,59478,2.25125256397323,"species","Lamiaceae","Lamiaceae"
"6","Taraxacum officinale","Taraxacum",1009,59478,1.69642556911799,"species","Asteraceae","Asteraceae"
"60","Hydrophyllum fendleri","Hydrophyllum",11717,69233,16.9240102263372,"species","Hydrophyllaceae","Hydrophyllaceae"
"60","Hydrophyllum capitatum","Hydrophyllum",8250,69233,11.9162826975575,"species","Hydrophyllaceae","Hydrophyllaceae"
"60","Taraxacum officinale","Taraxacum",1671,69233,2.41358889546892,"species","Asteraceae","Asteraceae"
"60","Mertensia fusiformis","Mertensia",1469,69233,2.12182051911661,"species","Boraginaceae","Boraginaceae"
"60","Lupinus argenteus","Lupinus",1058,69233,1.52817298109283,"species","Fabaceae","Fabaceae"
"60","Mertensia ciliata","Mertensia",812,69233,1.17285109702021,"species","Boraginaceae","Boraginaceae"
"60","Chamaenerion angustifolium","Chamaenerion",664,69233,0.959080207415539,"species","Onagraceae","Onagraceae"
"65","Taraxacum officinale","Taraxacum",10424,74768,13.9417932805478,"species","Asteraceae","Asteraceae"
"65","Hydrophyllum fendleri","Hydrophyllum",2213,74768,2.95982238390755,"species","Hydrophyllaceae","Hydrophyllaceae"
"9","Lupinus argenteus","Lupinus",182233,484682,37.5984666234768,"species","Fabaceae","Fabaceae"
"9",NA,NA,137873,484682,28.4460739206325,"species",NA,NA
"9","Lupinus sericeus","Lupinus",131686,484682,27.1695668500171,"species","Fabaceae","Fabaceae"
"9","Mertensia ciliata","Mertensia",5704,484682,1.17685410227737,"species","Boraginaceae","Boraginaceae"
"9","Taraxacum officinale","Taraxacum",4575,484682,0.943917867797855,"species","Asteraceae","Asteraceae"
"9","Mertensia fusiformis","Mertensia",1706,484682,0.351983362287025,"species","Boraginaceae","Boraginaceae"
NA,"Lupinus argenteus","Lupinus",115509,595570,19.3946975166647,"species","Fabaceae","Fabaceae"
NA,"Mertensia fusiformis","Mertensia",100038,595570,16.7970179827728,"species","Boraginaceae","Boraginaceae"
NA,NA,NA,61187,595570,10.2736873919103,"species",NA,NA
NA,"Lupinus sericeus","Lupinus",58766,595570,9.86718605705459,"species","Fabaceae","Fabaceae"
NA,"Mertensia ciliata","Mertensia",31354,595570,5.26453649445069,"species","Boraginaceae","Boraginaceae"
"17","Mertensia brevistyla","Mertensia",7410,484682,1.52883746456439,"species","Boraginaceae","Boraginaceae"
"18","Vaccinium scoparium","Vaccinium",89055,595570,14.9529022616989,"species","Ericaceae","Ericaceae"
"22","Delphinium nuttallianum","Delphinium",7,32,21.875,"species","Ranunculaceae","Ranunculaceae"
"23","Delphinium nuttallianum","Delphinium",56501,66778,84.6102009643895,"species","Ranunculaceae","Ranunculaceae"
"23","Aquilegia elegantula","Aquilegia",367,66778,0.549582197729791,"species","Ranunculaceae","Ranunculaceae"
"24","Delphinium nuttallianum","Delphinium",10030,11984,83.6949265687584,"species","Ranunculaceae","Ranunculaceae"
"24","Aquilegia elegantula","Aquilegia",96,11984,0.801068090787717,"species","Ranunculaceae","Ranunculaceae"
"25","Delphinium nuttallianum","Delphinium",47158,54231,86.9576441518689,"species","Ranunculaceae","Ranunculaceae"
"25","Aquilegia elegantula","Aquilegia",411,54231,0.757869115450573,"species","Ranunculaceae","Ranunculaceae"
"26","Delphinium nuttallianum","Delphinium",333509,388389,85.8698366843551,"species","Ranunculaceae","Ranunculaceae"
"26","Aquilegia elegantula","Aquilegia",2618,388389,0.674066464292243,"species","Ranunculaceae","Ranunculaceae"
"27","Delphinium nuttallianum","Delphinium",49668,58087,85.5062234234855,"species","Ranunculaceae","Ranunculaceae"
"27","Thalictrum fendleri","Thalictrum",540,58087,0.929640022724534,"species","Ranunculaceae","Ranunculaceae"
"28","Delphinium nuttallianum","Delphinium",63351,71828,88.1981956897032,"species","Ranunculaceae","Ranunculaceae"
"28","Thalictrum fendleri","Thalictrum",942,71828,1.31146628055911,"species","Ranunculaceae","Ranunculaceae"
"28","Aquilegia elegantula","Aquilegia",379,71828,0.527649384641087,"species","Ranunculaceae","Ranunculaceae"
"29","Delphinium nuttallianum","Delphinium",55791,202110,27.604274899807,"species","Ranunculaceae","Ranunculaceae"
"29","Phlox multiflora","Phlox",2701,202110,1.33640096976894,"species","Polemoniaceae","Polemoniaceae"
"3","Delphinium nuttallianum","Delphinium",9050,16943,53.4143894233608,"species","Ranunculaceae","Ranunculaceae"
"30","Mertensia brevistyla","Mertensia",119151,283698,41.9992386269907,"species","Boraginaceae","Boraginaceae"
"30","Delphinium nuttallianum","Delphinium",55250,283698,19.4749346135679,"species","Ranunculaceae","Ranunculaceae"
"38","Vaccinium scoparium","Vaccinium",89055,595570,14.9529022616989,"species","Ericaceae","Ericaceae"
"41","Delphinium nuttallianum","Delphinium",7,32,21.875,"species","Ranunculaceae","Ranunculaceae"
"42","Delphinium nuttallianum","Delphinium",56501,66778,84.6102009643895,"species","Ranunculaceae","Ranunculaceae"
"42","Aquilegia elegantula","Aquilegia",367,66778,0.549582197729791,"species","Ranunculaceae","Ranunculaceae"
"43","Delphinium nuttallianum","Delphinium",10030,11984,83.6949265687584,"species","Ranunculaceae","Ranunculaceae"
"44","Delphinium nuttallianum","Delphinium",47158,54231,86.9576441518689,"species","Ranunculaceae","Ranunculaceae"
"45","Delphinium nuttallianum","Delphinium",333509,388389,85.8698366843551,"species","Ranunculaceae","Ranunculaceae"
"45","Aquilegia elegantula","Aquilegia",2618,388389,0.674066464292243,"species","Ranunculaceae","Ranunculaceae"
"46","Delphinium nuttallianum","Delphinium",49668,58087,85.5062234234855,"species","Ranunculaceae","Ranunculaceae"
"51","Delphinium nuttallianum","Delphinium",55791,202110,27.604274899807,"species","Ranunculaceae","Ranunculaceae"
"51","Phlox multiflora","Phlox",2701,202110,1.33640096976894,"species","Polemoniaceae","Polemoniaceae"
"52","Delphinium nuttallianum","Delphinium",9050,16943,53.4143894233608,"species","Ranunculaceae","Ranunculaceae"
"55","Delphinium nuttallianum","Delphinium",71501,464609,15.3894995576926,"species","Ranunculaceae","Ranunculaceae"
"9","Astragalus alpinus","Astragalus",1477,484682,0.304735888685778,"species","Fabaceae","Fabaceae"
"10","Pseudognaphalium macounii","Pseudognaphalium",2762,71086,3.88543454407338,"species","Asteraceae","Asteraceae"
"12","Pseudognaphalium macounii","Pseudognaphalium",1990,59478,3.34577490836948,"species","Asteraceae","Asteraceae"
"12","Cynoglossum officinale","Cynoglossum",1825,59478,3.06836141094186,"species","Boraginaceae","Boraginaceae"
"14","Nemophila breviflora","Nemophila",543,69233,0.784308061184695,"species","Hydrophyllaceae","Hydrophyllaceae"
"15","Pseudognaphalium macounii","Pseudognaphalium",4755,74768,6.35967258720308,"species","Asteraceae","Asteraceae"
"15","Cynoglossum officinale","Cynoglossum",2671,74768,3.57238390755403,"species","Boraginaceae","Boraginaceae"
"15","Crataegus erythropoda","Crataegus",1888,74768,2.52514444682217,"species","Rosaceae","Rosaceae"
"17","Salix sp.","Salix",2359,484682,0.486710874346479,"species","Salicaceae","Malpighiales"
"18","Salix sp.","Salix",61976,595570,10.4061655221049,"species","Salicaceae","Malpighiales"
"18","Cynoglossum officinale","Cynoglossum",9793,595570,1.64430713434189,"species","Boraginaceae","Boraginaceae"
"18","Gaultheria humifusa","Gaultheria",7709,595570,1.29439024799772,"species","Ericaceae","Ericaceae"
"19","Nemophila breviflora","Nemophila",1216,154482,0.787146722595513,"species","Hydrophyllaceae","Hydrophyllaceae"
"19","Pseudognaphalium macounii","Pseudognaphalium",836,154482,0.541163371784415,"species","Asteraceae","Asteraceae"
"20","Parnassia fimbriata","Parnassia",3806,49733,7.65286630607444,"species","Celastraceae","Celastraceae"
"21","Parnassia fimbriata","Parnassia",1759,28613,6.14755530702827,"species","Celastraceae","Celastraceae"
"22","Parnassia fimbriata","Parnassia",5,32,15.625,"species","Celastraceae","Celastraceae"
"23","Caltha leptosepala","Caltha",525,66778,0.786187067597113,"species","Ranunculaceae","Ranunculaceae"
"23","Lithophragma glabrum","Lithophragma",482,66778,0.721794603012968,"species","Saxifragaceae","Saxifragaceae"
"24","Caltha leptosepala","Caltha",147,11984,1.22663551401869,"species","Ranunculaceae","Ranunculaceae"
"24","Parnassia fimbriata","Parnassia",119,11984,0.992990654205607,"species","Celastraceae","Celastraceae"
"24","Taraxacum campylodes","Taraxacum",85,11984,0.709279038718291,"species","Asteraceae","Asterales"
"25","Caltha leptosepala","Caltha",593,54231,1.0934705242389,"species","Ranunculaceae","Ranunculaceae"
"25","Parnassia fimbriata","Parnassia",364,54231,0.671202817576663,"species","Celastraceae","Celastraceae"
"26","Caltha leptosepala","Caltha",4126,388389,1.06233698688686,"species","Ranunculaceae","Ranunculaceae"
"27","Parnassia fimbriata","Parnassia",713,58087,1.22746914111591,"species","Celastraceae","Celastraceae"
"27","Caltha leptosepala","Caltha",459,58087,0.790194019315854,"species","Ranunculaceae","Ranunculaceae"
"28","Caltha leptosepala","Caltha",721,71828,1.00378682407975,"species","Ranunculaceae","Ranunculaceae"
"28","Cynoglossum officinale","Cynoglossum",713,71828,0.99264910619814,"species","Boraginaceae","Boraginaceae"
"28","Salix sp.","Salix",345,71828,0.480314083644261,"species","Salicaceae","Malpighiales"
"29","Salix sp.","Salix",2572,202110,1.27257434070556,"species","Salicaceae","Malpighiales"
"29","Cynoglossum officinale","Cynoglossum",2431,202110,1.20281035079907,"species","Boraginaceae","Boraginaceae"
"3","Pseudognaphalium macounii","Pseudognaphalium",1026,16943,6.05559818214012,"species","Asteraceae","Asteraceae"
"3","Cynoglossum officinale","Cynoglossum",413,16943,2.43758484329812,"species","Boraginaceae","Boraginaceae"
"3","Arenaria lanuginosa","Arenaria",241,16943,1.42241633713038,"species","Caryophyllaceae","Caryophyllaceae"
"30","Cynoglossum officinale","Cynoglossum",23909,283698,8.42762374073839,"species","Boraginaceae","Boraginaceae"
"31","Pseudognaphalium macounii","Pseudognaphalium",2762,71086,3.88543454407338,"species","Asteraceae","Asteraceae"
"32","Pseudognaphalium macounii","Pseudognaphalium",1990,59478,3.34577490836948,"species","Asteraceae","Asteraceae"
"32","Cynoglossum officinale","Cynoglossum",1825,59478,3.06836141094186,"species","Boraginaceae","Boraginaceae"
"33","Nemophila breviflora","Nemophila",543,69233,0.784308061184695,"species","Hydrophyllaceae","Hydrophyllaceae"
"35","Pseudognaphalium macounii","Pseudognaphalium",4755,74768,6.35967258720308,"species","Asteraceae","Asteraceae"
"35","Cynoglossum officinale","Cynoglossum",2671,74768,3.57238390755403,"species","Boraginaceae","Boraginaceae"
"35","Crataegus erythropoda","Crataegus",1888,74768,2.52514444682217,"species","Rosaceae","Rosaceae"
"36","Salix sp.","Salix",2359,484682,0.486710874346479,"species","Salicaceae","Malpighiales"
"38","Salix sp.","Salix",61976,595570,10.4061655221049,"species","Salicaceae","Malpighiales"
"38","Cynoglossum officinale","Cynoglossum",9793,595570,1.64430713434189,"species","Boraginaceae","Boraginaceae"
"38","Gaultheria humifusa","Gaultheria",7709,595570,1.29439024799772,"species","Ericaceae","Ericaceae"
"39","Nemophila breviflora","Nemophila",1216,154482,0.787146722595513,"species","Hydrophyllaceae","Hydrophyllaceae"
"39","Pseudognaphalium macounii","Pseudognaphalium",836,154482,0.541163371784415,"species","Asteraceae","Asteraceae"
"4","Parnassia fimbriata","Parnassia",3806,49733,7.65286630607444,"species","Celastraceae","Celastraceae"
"40","Parnassia fimbriata","Parnassia",1759,28613,6.14755530702827,"species","Celastraceae","Celastraceae"
"41","Parnassia fimbriata","Parnassia",5,32,15.625,"species","Celastraceae","Celastraceae"
"42","Caltha leptosepala","Caltha",525,66778,0.786187067597113,"species","Ranunculaceae","Ranunculaceae"
"42","Lithophragma glabrum","Lithophragma",482,66778,0.721794603012968,"species","Saxifragaceae","Saxifragaceae"
"43","Caltha leptosepala","Caltha",147,11984,1.22663551401869,"species","Ranunculaceae","Ranunculaceae"
"43","Parnassia fimbriata","Parnassia",119,11984,0.992990654205607,"species","Celastraceae","Celastraceae"
"43","Taraxacum campylodes","Taraxacum",85,11984,0.709279038718291,"species","Asteraceae","Asterales"
"44","Caltha leptosepala","Caltha",593,54231,1.0934705242389,"species","Ranunculaceae","Ranunculaceae"
"44","Parnassia fimbriata","Parnassia",364,54231,0.671202817576663,"species","Celastraceae","Celastraceae"
"45","Caltha leptosepala","Caltha",4126,388389,1.06233698688686,"species","Ranunculaceae","Ranunculaceae"
"46","Parnassia fimbriata","Parnassia",713,58087,1.22746914111591,"species","Celastraceae","Celastraceae"
"46","Caltha leptosepala","Caltha",459,58087,0.790194019315854,"species","Ranunculaceae","Ranunculaceae"
"49","Caltha leptosepala","Caltha",721,71828,1.00378682407975,"species","Ranunculaceae","Ranunculaceae"
"49","Cynoglossum officinale","Cynoglossum",713,71828,0.99264910619814,"species","Boraginaceae","Boraginaceae"
"49","Salix sp.","Salix",345,71828,0.480314083644261,"species","Salicaceae","Malpighiales"
"51","Salix sp.","Salix",2572,202110,1.27257434070556,"species","Salicaceae","Malpighiales"
"51","Cynoglossum officinale","Cynoglossum",2431,202110,1.20281035079907,"species","Boraginaceae","Boraginaceae"
"52","Pseudognaphalium macounii","Pseudognaphalium",1026,16943,6.05559818214012,"species","Asteraceae","Asteraceae"
"52","Cynoglossum officinale","Cynoglossum",413,16943,2.43758484329812,"species","Boraginaceae","Boraginaceae"
"52","Arenaria lanuginosa","Arenaria",241,16943,1.42241633713038,"species","Caryophyllaceae","Caryophyllaceae"
"54","Cynoglossum officinale","Cynoglossum",23909,283698,8.42762374073839,"species","Boraginaceae","Boraginaceae"
"55","Cynoglossum officinale","Cynoglossum",24760,464609,5.32921230540089,"species","Boraginaceae","Boraginaceae"
"56","Pseudognaphalium macounii","Pseudognaphalium",2762,71086,3.88543454407338,"species","Asteraceae","Asteraceae"
"6","Pseudognaphalium macounii","Pseudognaphalium",1990,59478,3.34577490836948,"species","Asteraceae","Asteraceae"
"6","Cynoglossum officinale","Cynoglossum",1825,59478,3.06836141094186,"species","Boraginaceae","Boraginaceae"
"60","Nemophila breviflora","Nemophila",543,69233,0.784308061184695,"species","Hydrophyllaceae","Hydrophyllaceae"
"65","Pseudognaphalium macounii","Pseudognaphalium",4755,74768,6.35967258720308,"species","Asteraceae","Asteraceae"
"65","Cynoglossum officinale","Cynoglossum",2671,74768,3.57238390755403,"species","Boraginaceae","Boraginaceae"
"65","Crataegus erythropoda","Crataegus",1888,74768,2.52514444682217,"species","Rosaceae","Rosaceae"
"9","Salix sp.","Salix",2359,484682,0.486710874346479,"species","Salicaceae","Malpighiales"
NA,"Salix sp.","Salix",61976,595570,10.4061655221049,"species","Salicaceae","Malpighiales"
NA,"Cynoglossum officinale","Cynoglossum",9793,595570,1.64430713434189,"species","Boraginaceae","Boraginaceae"
NA,"Gaultheria humifusa","Gaultheria",7709,595570,1.29439024799772,"species","Ericaceae","Ericaceae"
"43","Aquilegia sp.","Aquilegia",96,11984,0.801068090787717,"genus","Ranunculcaeae","Ranunculales"
"44","Aquilegia sp.","Aquilegia",411,54231,0.757869115450573,"genus","Ranunculcaeae","Ranunculales"
"49","Aquilegia sp.","Aquilegia",379,71828,0.527649384641087,"genus","Ranunculcaeae","Ranunculales"
"17","Astragalus sp.","Astragalus",1477,484682,0.304735888685778,"genus","Fabaceae","Fabales"
"36","Astragalus sp.","Astragalus",1477,484682,0.304735888685778,"genus","Fabaceae","Fabales"
"29","Campanula sp.","Campanula",2700,202110,1.33590618969868,"genus","Campanulaceae","Asterales"
"51","Campanula sp.","Campanula",2700,202110,1.33590618969868,"genus","Campanulaceae","Asterales"
"10","Cirsium sp.","Cirsium",2435,71086,3.42542835438764,"genus","Asteraceae","Asterales"
"15","Cirsium sp.","Cirsium",1628,74768,2.17740209715386,"genus","Asteraceae","Asterales"
"3","Cirsium sp.","Cirsium",156,16943,0.920734226524228,"genus","Asteraceae","Asterales"
"35","Cirsium sp.","Cirsium",1628,74768,2.17740209715386,"genus","Asteraceae","Asterales"
"52","Cirsium sp.","Cirsium",156,16943,0.920734226524228,"genus","Asteraceae","Asterales"
"56","Cirsium sp.","Cirsium",2435,71086,3.42542835438764,"genus","Asteraceae","Asterales"
"65","Cirsium sp.","Cirsium",1628,74768,2.17740209715386,"genus","Asteraceae","Asterales"
"49","Delphinium sp.","Delphinium",30133,71828,41.9516066158044,"genus","Ranunculcaeae","Ranunculales"
"54","Delphinium sp.","Delphinium",26053,283698,9.18335694999612,"genus","Ranunculcaeae","Ranunculales"
"10","Epilobium sp.","Epilobium",15211,71086,21.3980249275525,"genus","Onagraceae","Mytrales"
"12","Epilobium sp.","Epilobium",22587,59478,37.9753858569555,"genus","Onagraceae","Mytrales"
"15","Epilobium sp.","Epilobium",27027,74768,36.1478172480205,"genus","Onagraceae","Mytrales"
"19","Epilobium sp.","Epilobium",3918,154482,2.5362178117839,"genus","Onagraceae","Mytrales"
"3","Epilobium sp.","Epilobium",4359,16943,25.7274390603789,"genus","Onagraceae","Mytrales"
"31","Epilobium sp.","Epilobium",15211,71086,21.3980249275525,"genus","Onagraceae","Mytrales"
"32","Epilobium sp.","Epilobium",22587,59478,37.9753858569555,"genus","Onagraceae","Mytrales"
"35","Epilobium sp.","Epilobium",27027,74768,36.1478172480205,"genus","Onagraceae","Mytrales"
"39","Epilobium sp.","Epilobium",3918,154482,2.5362178117839,"genus","Onagraceae","Mytrales"
"52","Epilobium sp.","Epilobium",4359,16943,25.7274390603789,"genus","Onagraceae","Mytrales"
"56","Epilobium sp.","Epilobium",15211,71086,21.3980249275525,"genus","Onagraceae","Mytrales"
"6","Epilobium sp.","Epilobium",22587,59478,37.9753858569555,"genus","Onagraceae","Mytrales"
"65","Epilobium sp.","Epilobium",27027,74768,36.1478172480205,"genus","Onagraceae","Mytrales"
"12","Erigeron sp.","Erigeron",2315,59478,3.89219543360571,"genus","Asteraceae","Asterales"
"32","Erigeron sp.","Erigeron",2315,59478,3.89219543360571,"genus","Asteraceae","Asterales"
"6","Erigeron sp.","Erigeron",2315,59478,3.89219543360571,"genus","Asteraceae","Asterales"
"10","Erigeron sp.","Erigeron",3409,71086,4.7955996961427,"genus","Asteraceae","Asterales"
"17","Erigeron sp.","Erigeron",3194,484682,0.658988780272426,"genus","Asteraceae","Asterales"
"20","Erigeron sp.","Erigeron",1379,49733,2.77280678824925,"genus","Asteraceae","Asterales"
"21","Erigeron sp.","Erigeron",300,28613,1.04847446964666,"genus","Asteraceae","Asterales"
"30","Erigeron sp.","Erigeron",7109,283698,2.50583366819646,"genus","Asteraceae","Asterales"
"31","Erigeron sp.","Erigeron",3409,71086,4.7955996961427,"genus","Asteraceae","Asterales"
"36","Erigeron sp.","Erigeron",3194,484682,0.658988780272426,"genus","Asteraceae","Asterales"
"4","Erigeron sp.","Erigeron",1379,49733,2.77280678824925,"genus","Asteraceae","Asterales"
"40","Erigeron sp.","Erigeron",300,28613,1.04847446964666,"genus","Asteraceae","Asterales"
"54","Erigeron sp.","Erigeron",7109,283698,2.50583366819646,"genus","Asteraceae","Asterales"
"56","Erigeron sp.","Erigeron",3409,71086,4.7955996961427,"genus","Asteraceae","Asterales"
"9","Erigeron sp.","Erigeron",3194,484682,0.658988780272426,"genus","Asteraceae","Asterales"
"20","Geum sp.","Geum",821,49733,1.65081535399031,"genus","Rosaceae","Rosales"
"21","Geum sp.","Geum",298,28613,1.04148463984902,"genus","Rosaceae","Rosales"
"4","Geum sp.","Geum",821,49733,1.65081535399031,"genus","Rosaceae","Rosales"
"40","Geum sp.","Geum",298,28613,1.04148463984902,"genus","Rosaceae","Rosales"
"12","Hydrophyllum sp.","Hydrophyllum",2633,59478,4.4268469013753,"genus","Hydrophyllaceae","Boraginales"
"14","Hydrophyllum sp.","Hydrophyllum",36631,69233,52.9097395750581,"genus","Hydrophyllaceae","Boraginales"
"17","Hydrophyllum sp.","Hydrophyllum",2951,484682,0.608852814835294,"genus","Hydrophyllaceae","Boraginales"
"18","Hydrophyllum sp.","Hydrophyllum",7405,595570,1.24334670987457,"genus","Hydrophyllaceae","Boraginales"
"19","Hydrophyllum sp.","Hydrophyllum",100294,154482,64.9227741743375,"genus","Hydrophyllaceae","Boraginales"
"20","Hydrophyllum sp.","Hydrophyllum",703,49733,1.41354834817928,"genus","Hydrophyllaceae","Boraginales"
"21","Hydrophyllum sp.","Hydrophyllum",4240,28613,14.8184391710062,"genus","Hydrophyllaceae","Boraginales"
"22","Hydrophyllum sp.","Hydrophyllum",2,32,6.25,"genus","Hydrophyllaceae","Boraginales"
"32","Hydrophyllum sp.","Hydrophyllum",2633,59478,4.4268469013753,"genus","Hydrophyllaceae","Boraginales"
"33","Hydrophyllum sp.","Hydrophyllum",36631,69233,52.9097395750581,"genus","Hydrophyllaceae","Boraginales"
"36","Hydrophyllum sp.","Hydrophyllum",2951,484682,0.608852814835294,"genus","Hydrophyllaceae","Boraginales"
"38","Hydrophyllum sp.","Hydrophyllum",7405,595570,1.24334670987457,"genus","Hydrophyllaceae","Boraginales"
"39","Hydrophyllum sp.","Hydrophyllum",100294,154482,64.9227741743375,"genus","Hydrophyllaceae","Boraginales"
"4","Hydrophyllum sp.","Hydrophyllum",703,49733,1.41354834817928,"genus","Hydrophyllaceae","Boraginales"
"40","Hydrophyllum sp.","Hydrophyllum",4240,28613,14.8184391710062,"genus","Hydrophyllaceae","Boraginales"
"41","Hydrophyllum sp.","Hydrophyllum",2,32,6.25,"genus","Hydrophyllaceae","Boraginales"
"55","Hydrophyllum sp.","Hydrophyllum",19266,464609,4.1467126121104,"genus","Hydrophyllaceae","Boraginales"
"6","Hydrophyllum sp.","Hydrophyllum",2633,59478,4.4268469013753,"genus","Hydrophyllaceae","Boraginales"
"60","Hydrophyllum sp.","Hydrophyllum",36631,69233,52.9097395750581,"genus","Hydrophyllaceae","Boraginales"
"9","Hydrophyllum sp.","Hydrophyllum",2951,484682,0.608852814835294,"genus","Hydrophyllaceae","Boraginales"
NA,"Hydrophyllum sp.","Hydrophyllum",7405,595570,1.24334670987457,"genus","Hydrophyllaceae","Boraginales"
"23","Potentilla sp.","Potentilla",498,66778,0.745754589834976,"genus","Rosaceae","Rosales"
"42","Potentilla sp.","Potentilla",498,66778,0.745754589834976,"genus","Rosaceae","Rosales"
"14","Symphyotrichum sp.","Symphyotrichum",2087,69233,3.01445842300637,"genus","Asteraceae","Asterales"
"22","Symphyotrichum sp.","Symphyotrichum",1,32,3.125,"genus","Asteraceae","Asterales"
"33","Symphyotrichum sp.","Symphyotrichum",2087,69233,3.01445842300637,"genus","Asteraceae","Asterales"
"41","Symphyotrichum sp.","Symphyotrichum",1,32,3.125,"genus","Asteraceae","Asterales"
"60","Symphyotrichum sp.","Symphyotrichum",2087,69233,3.01445842300637,"genus","Asteraceae","Asterales"
"26","Thalictrum sp.","Thalictrum",4833,388389,1.24437097858075,"genus","Ranunculcaeae","Ranunculales"
"45","Thalictrum sp.","Thalictrum",4833,388389,1.24437097858075,"genus","Ranunculcaeae","Ranunculales"
"49","Thalictrum sp.","Thalictrum",942,71828,1.31146628055911,"genus","Ranunculcaeae","Ranunculales"
"23","Thalictrum sp.","Thalictrum",275,66778,0.41181227350325,"genus","Ranunculcaeae","Ranunculales"
"25","Thalictrum sp.","Thalictrum",328,54231,0.604820121332817,"genus","Ranunculcaeae","Ranunculales"
"42","Thalictrum sp.","Thalictrum",275,66778,0.41181227350325,"genus","Ranunculcaeae","Ranunculales"
"44","Thalictrum sp.","Thalictrum",328,54231,0.604820121332817,"genus","Ranunculcaeae","Ranunculales"
"46","Thalictrum sp.","Thalictrum",540,58087,0.929640022724534,"genus","Ranunculcaeae","Ranunculales"
"23","Trollius sp.","Trollius",552,66778,0.82661954535925,"genus","Ranunculcaeae","Ranunculales"
"24","Trollius sp.","Trollius",166,11984,1.38518024032043,"genus","Ranunculcaeae","Ranunculales"
"25","Trollius sp.","Trollius",947,54231,1.74623370397005,"genus","Ranunculcaeae","Ranunculales"
"26","Trollius sp.","Trollius",6343,388389,1.63315644881807,"genus","Ranunculcaeae","Ranunculales"
"27","Trollius sp.","Trollius",1288,58087,2.21736360975778,"genus","Ranunculcaeae","Ranunculales"
"28","Trollius sp.","Trollius",939,71828,1.30728963635351,"genus","Ranunculcaeae","Ranunculales"
"42","Trollius sp.","Trollius",552,66778,0.82661954535925,"genus","Ranunculcaeae","Ranunculales"
"43","Trollius sp.","Trollius",166,11984,1.38518024032043,"genus","Ranunculcaeae","Ranunculales"
"44","Trollius sp.","Trollius",947,54231,1.74623370397005,"genus","Ranunculcaeae","Ranunculales"
"45","Trollius sp.","Trollius",6343,388389,1.63315644881807,"genus","Ranunculcaeae","Ranunculales"
"46","Trollius sp.","Trollius",1288,58087,2.21736360975778,"genus","Ranunculcaeae","Ranunculales"
"49","Trollius sp.","Trollius",939,71828,1.30728963635351,"genus","Ranunculcaeae","Ranunculales"
NA,"Vaccinium sp.","Vaccinium",89055,595570,14.9529022616989,"genus","Ericaceae","Ericales"
"23","Viola sp.","Viola",3795,66778,5.68300937434484,"genus","Violaceae","Malpighiales"
"42","Viola sp.","Viola",3795,66778,5.68300937434484,"genus","Violaceae","Malpighiales"
"15","Sorbus scopulina","Hedlundia",6164,74768,8.24416862829018,NA,"Rosaceae","Rosaceae"
"35","Sorbus scopulina","Hedlundia",6164,74768,8.24416862829018,NA,"Rosaceae","Rosaceae"
"65","Sorbus scopulina","Hedlundia",6164,74768,8.24416862829018,NA,"Rosaceae","Rosaceae"
"12","Sorbus scopulina","Karpatiosorbus",1301,59478,2.18736339486869,NA,"Rosaceae","Rosaceae"
"32","Sorbus scopulina","Karpatiosorbus",1301,59478,2.18736339486869,NA,"Rosaceae","Rosaceae"
"6","Sorbus scopulina","Karpatiosorbus",1301,59478,2.18736339486869,NA,"Rosaceae","Rosaceae"
"15","Rosaceae","Micromeles",2106,74768,2.81671303231329,NA,"Rosaceae","Rosaceae"
"35","Rosaceae","Micromeles",2106,74768,2.81671303231329,NA,"Rosaceae","Rosaceae"
"65","Rosaceae","Micromeles",2106,74768,2.81671303231329,NA,"Rosaceae","Rosaceae"
