"TAXON","FAMILY","Sample","GENUS","Seqs_pr_taxon","Total_seqs","Prcnt_seqs","DATE","Condition","TAXON_NEW","MANUAL","TAXON_NEW2"
"Epilobium canum","Onagraceae",1,"Epilobium",15363,69748,22.0264380340655,195,"C","Epilobium",FALSE,"Epilobium"
"Agastache pallidiflora","Lamiaceae",1,"Agastache",10216,69748,14.6470149681711,195,"B","Agastache urticifolia",FALSE,"Agastache urticifolia"
"Mertensia fusiformis","Boraginaceae",1,"Mertensia",3888,69748,5.57435338647703,195,"C","Mertensia",FALSE,"Mertensia"
"Mertensia ciliata","Boraginaceae",1,"Mertensia",3584,69748,5.13849859494179,195,"A","Mertensia ciliata",FALSE,"Mertensia ciliata"
"Erigeron grandiflorus","Asteraceae",1,"Erigeron",3523,69748,5.05104089006136,195,"C","Erigeron",FALSE,"Erigeron"
"Taraxacum officinale","Asteraceae",1,"Taraxacum",2819,69748,4.04169295176923,195,"B","Taraxacum campylodes",FALSE,"Taraxacum campylodes"
"Pseudognaphalium attenuatum","Asteraceae",1,"Pseudognaphalium",2765,69748,3.96427137695705,195,"B","Pseudognaphalium macounii",FALSE,"Pseudognaphalium macounii"
"Cirsium parryi","Asteraceae",1,"Cirsium",2458,69748,3.52411538682113,195,"C","Cirsium",FALSE,"Cirsium"
"Lupinus sericeus","Fabaceae",1,"Lupinus",1864,69748,2.67247806388714,195,"A","Lupinus sericeus",FALSE,"Lupinus sericeus"
"Dasiphora fruticosa","Rosaceae",1,"Dasiphora",1691,69748,2.42444227791478,195,"A","Dasiphora fruticosa",FALSE,"Dasiphora fruticosa"
"Lupinus argenteus","Fabaceae",1,"Lupinus",1603,69748,2.29827378562826,195,"A","Lupinus argenteus",FALSE,"Lupinus argenteus"
"Symphyotrichum foliaceum","Asteraceae",1,"Symphyotrichum",1495,69748,2.1434306360039,195,"B","Symphyotrichum eatonii",FALSE,"Symphyotrichum eatonii"
"Cynoglossum pringlei","Boraginaceae",1,"Cynoglossum",1168,69748,1.67459998853014,195,"B","Cynoglossum officinale",FALSE,"Cynoglossum officinale"
"Cynoglossum pringlei","Boraginaceae",1,"Cynoglossum",1168,69748,1.67459998853014,195,"B","Cynoglossum officinale",FALSE,"Cynoglossum officinale"
"Helianthella quinquenervis","Asteraceae",1,"Helianthella",1042,69748,1.49394964730171,195,"A","Helianthella quinquenervis",FALSE,"Helianthella quinquenervis"
"Delphinium nuttallianum","Ranunculaceae",1,"Delphinium",958,69748,1.37351608648277,195,"X","Delphinium nuttallianum",FALSE,"Delphinium nuttallianum"
"Epilobium canum","Onagraceae",2,"Epilobium",22638,59050,38.3370025402201,190,"C","Epilobium",FALSE,"Epilobium"
"Hydrophyllum fendleri","Hydrophyllaceae",2,"Hydrophyllum",12368,59050,20.9449618966977,190,"A","Hydrophyllum fendleri",FALSE,"Hydrophyllum fendleri"
"Hydrophyllum canadense","Hydrophyllaceae",2,"Hydrophyllum",2641,59050,4.47248094834886,190,"C","Hydrophyllum",FALSE,"Hydrophyllum"
"Pseudognaphalium attenuatum","Asteraceae",2,"Pseudognaphalium",1997,59050,3.38187976291279,190,"B","Pseudognaphalium macounii",FALSE,"Pseudognaphalium macounii"
"Cynoglossum pringlei","Boraginaceae",2,"Cynoglossum",1826,59050,3.09229466553768,190,"B","Cynoglossum officinale",FALSE,"Cynoglossum officinale"
"Cynoglossum pringlei","Boraginaceae",2,"Cynoglossum",1826,59050,3.09229466553768,190,"B","Cynoglossum officinale",FALSE,"Cynoglossum officinale"
"Agastache pallidiflora","Lamiaceae",2,"Agastache",1373,59050,2.32514817950889,190,"B","Agastache urticifolia",FALSE,"Agastache urticifolia"
"Karpatiosorbus devoniensis","Rosaceae",2,"Karpatiosorbus",1301,59050,2.20321761219306,190,"E","Rosaceae",TRUE,"Sorbus scopulina"
"Karpatiosorbus devoniensis","Rosaceae",2,"Karpatiosorbus",1301,59050,2.20321761219306,190,"E","Rosaceae",TRUE,"Sorbus scopulina"
"Erigeron grandiflorus","Asteraceae",2,"Erigeron",1225,59050,2.07451312447079,190,"C","Erigeron",FALSE,"Erigeron"
"Erigeron ecuadoriensis","Asteraceae",2,"Erigeron",1207,59050,2.04403048264183,190,"C","Erigeron",FALSE,"Erigeron"
"Taraxacum officinale","Asteraceae",2,"Taraxacum",1045,59050,1.7696867061812,190,"B","Taraxacum campylodes",FALSE,"Taraxacum campylodes"
"Cirsium parryi","Asteraceae",2,"Cirsium",967,59050,1.63759525825572,190,"C","Cirsium",FALSE,"Cirsium"
"Erigeron uniflorus","Asteraceae",2,"Erigeron",819,59050,1.38696020321761,190,"C","Erigeron",FALSE,"Erigeron"
"Mertensia ciliata","Boraginaceae",2,"Mertensia",787,59050,1.33276883996613,190,"A","Mertensia ciliata",FALSE,"Mertensia ciliata"
"Symphyotrichum foliaceum","Asteraceae",2,"Symphyotrichum",737,59050,1.24809483488569,190,"B","Symphyotrichum eatonii",FALSE,"Symphyotrichum eatonii"
"Lupinus sericeus","Fabaceae",2,"Lupinus",692,59050,1.17188823031329,190,"A","Lupinus sericeus",FALSE,"Lupinus sericeus"
"Hydrophyllum canadense","Hydrophyllaceae",3,"Hydrophyllum",36918,65007,56.790807143846,172,"C","Hydrophyllum",FALSE,"Hydrophyllum"
"Hydrophyllum fendleri","Hydrophyllaceae",3,"Hydrophyllum",11722,65007,18.0319042564647,172,"A","Hydrophyllum fendleri",FALSE,"Hydrophyllum fendleri"
"Lathyrus lanszwertii","Fabaceae",3,"Lathyrus",3012,65007,4.63334717799622,172,"A","Lathyrus lanszwertii",FALSE,"Lathyrus lanszwertii"
"Symphyotrichum foliaceum","Asteraceae",3,"Symphyotrichum",2178,65007,3.35040841755503,172,"B","Symphyotrichum eatonii",FALSE,"Symphyotrichum eatonii"
"Taraxacum officinale","Asteraceae",3,"Taraxacum",1690,65007,2.5997200301506,172,"B","Taraxacum campylodes",FALSE,"Taraxacum campylodes"
"Mertensia fusiformis","Boraginaceae",3,"Mertensia",1481,65007,2.27821619210239,172,"C","Mertensia",FALSE,"Mertensia"
"Mertensia ciliata","Boraginaceae",3,"Mertensia",871,65007,1.33985570784685,172,"A","Mertensia ciliata",FALSE,"Mertensia ciliata"
"Hydrophyllum capitatum","Hydrophyllaceae",3,"Hydrophyllum",796,65007,1.22448351715969,172,"A","Hydrophyllum capitatum",FALSE,"Hydrophyllum capitatum"
"Chamaenerion angustifolium","Onagraceae",3,"Chamaenerion",664,65007,1.02142846155029,172,"E","Onagraceae",FALSE,"Onagraceae"
"Lupinus argenteus","Fabaceae",3,"Lupinus",606,65007,0.932207300752227,172,"X","Lupinus argenteus",FALSE,"Lupinus argenteus"
"Nemophila menziesii","Boraginaceae",3,"Nemophila",543,65007,0.835294660575015,172,"B","Nemophila breviflora",FALSE,"Nemophila breviflora"
"Erigeron grandiflorus","Asteraceae",3,"Erigeron",479,65007,0.736843724521975,172,"C","Erigeron",FALSE,"Erigeron"
"Lupinus sericeus","Fabaceae",3,"Lupinus",478,65007,0.735305428646146,172,"A","Lupinus sericeus",FALSE,"Lupinus sericeus"
"Taraxacum cucullatum","Asteraceae",3,"Taraxacum",298,65007,0.45841217099697,172,"B","Taraxacum campylodes",FALSE,"Taraxacum campylodes"
"Cirsium parryi","Asteraceae",3,"Cirsium",283,65007,0.435337732859538,172,"C","Cirsium",FALSE,"Cirsium"
"Epilobium canum","Onagraceae",4,"Epilobium",27119,74377,36.4615405300026,165,"C","Epilobium",FALSE,"Epilobium"
"Taraxacum officinale","Asteraceae",4,"Taraxacum",10455,74377,14.0567648601046,165,"B","Taraxacum campylodes",FALSE,"Taraxacum campylodes"
"Pseudognaphalium attenuatum","Asteraceae",4,"Pseudognaphalium",4766,74377,6.40789491375022,165,"B","Pseudognaphalium macounii",FALSE,"Pseudognaphalium macounii"
"Karpatiosorbus devoniensis","Rosaceae",4,"Karpatiosorbus",4123,74377,5.54338034607473,165,"E","Rosaceae",TRUE,"Sorbus scopulina"
"Karpatiosorbus devoniensis","Rosaceae",4,"Karpatiosorbus",4123,74377,5.54338034607473,165,"E","Rosaceae",TRUE,"Sorbus scopulina"
"Cynoglossum pringlei","Boraginaceae",4,"Cynoglossum",2672,74377,3.59250843674792,165,"B","Cynoglossum officinale",FALSE,"Cynoglossum officinale"
"Cynoglossum pringlei","Boraginaceae",4,"Cynoglossum",2672,74377,3.59250843674792,165,"B","Cynoglossum officinale",FALSE,"Cynoglossum officinale"
"Hydrophyllum fendleri","Hydrophyllaceae",4,"Hydrophyllum",2213,74377,2.97538217459699,165,"A","Hydrophyllum fendleri",FALSE,"Hydrophyllum fendleri"
"Micromeles japonica","Rosaceae",4,"Micromeles",2106,74377,2.83152049692781,165,"E","Rosaceae",FALSE,"Rosaceae"
"Micromeles japonica","Rosaceae",4,"Micromeles",2106,74377,2.83152049692781,165,"E","Rosaceae",FALSE,"Rosaceae"
"Hedlundia austriaca","Rosaceae",4,"Hedlundia",2045,74377,2.74950589563978,165,"E","Rosaceae",TRUE,"Sorbus scopulina"
"Hedlundia austriaca","Rosaceae",4,"Hedlundia",2045,74377,2.74950589563978,165,"E","Rosaceae",TRUE,"Sorbus scopulina"
"Crataegus bipinnatifida","Rosaceae",4,"Crataegus",1888,74377,2.53841913494763,165,"B","Crataegus erythropoda",FALSE,"Crataegus erythropoda"
"Crataegus bipinnatifida","Rosaceae",4,"Crataegus",1888,74377,2.53841913494763,165,"B","Crataegus erythropoda",FALSE,"Crataegus erythropoda"
"Cirsium parryi","Asteraceae",4,"Cirsium",1638,74377,2.20229371983274,165,"C","Cirsium",FALSE,"Cirsium"
"Ribes rubrum","Grossulariaceae",4,"Ribes",1620,74377,2.17809268994447,165,"C","Ribes",FALSE,"Ribes"
"Agastache pallidiflora","Lamiaceae",4,"Agastache",1437,74377,1.93204888608037,165,"E","Lamiaceae",FALSE,"Lamiaceae"
"Erigeron grandiflorus","Asteraceae",4,"Erigeron",1260,74377,1.69407209217903,165,"C","Erigeron",FALSE,"Erigeron"
"Taraxacum cucullatum","Asteraceae",4,"Taraxacum",933,74377,1.25442004920876,165,"B","Taraxacum campylodes",FALSE,"Taraxacum campylodes"
"Mertensia ciliata","Boraginaceae",4,"Mertensia",904,74377,1.21542950105543,165,"A","Mertensia ciliata",FALSE,"Mertensia ciliata"
"Lupinus argenteus","Fabaceae",5,"Lupinus",301593,469540,64.2315883630788,172,"X","Lupinus argenteus",FALSE,"Lupinus argenteus"
"Lupinus sericeus","Fabaceae",5,"Lupinus",128793,469540,27.4296119606423,172,"A","Lupinus sericeus",FALSE,"Lupinus sericeus"
"Mertensia ciliata","Boraginaceae",5,"Mertensia",8987,469540,1.91400093708736,172,"A","Mertensia ciliata",FALSE,"Mertensia ciliata"
"Taraxacum officinale","Asteraceae",5,"Taraxacum",4617,469540,0.983302807002598,172,"B","Taraxacum campylodes",FALSE,"Taraxacum campylodes"
"Erigeron grandiflorus","Asteraceae",5,"Erigeron",3778,469540,0.804617285002343,172,"C","Erigeron",FALSE,"Erigeron"
"Hydrophyllum canadense","Hydrophyllaceae",5,"Hydrophyllum",3039,469540,0.647229203049793,172,"C","Hydrophyllum",FALSE,"Hydrophyllum"
"Populus alba","Salicaceae",5,"Populus",2383,469540,0.50751799633684,172,"B","Populus angustifolia",TRUE,"Salix"
"Mertensia fusiformis","Boraginaceae",5,"Mertensia",1797,469540,0.382714997657282,172,"C","Mertensia",FALSE,"Mertensia"
"Hydrophyllum capitatum","Hydrophyllaceae",5,"Hydrophyllum",1592,469540,0.339055245559484,172,"A","Hydrophyllum capitatum",FALSE,"Hydrophyllum capitatum"
"Astragalus pelecinus","Fabaceae",5,"Astragalus",1537,469540,0.327341653533245,172,"C","Astragalus",FALSE,"Astragalus"
"Senecio tephrosioides","Asteraceae",5,"Senecio",792,469540,0.168675725177834,172,"B","Senecio integerrimus",FALSE,"Senecio integerrimus"
"Taraxacum cucullatum","Asteraceae",5,"Taraxacum",580,469540,0.123525152276696,172,"B","Taraxacum campylodes",FALSE,"Taraxacum campylodes"
"Hydrophyllum fendleri","Hydrophyllaceae",5,"Hydrophyllum",572,469540,0.12182135707288,172,"A","Hydrophyllum fendleri",FALSE,"Hydrophyllum fendleri"
"Senecio funckii","Asteraceae",5,"Senecio",563,469540,0.119904587468586,172,"B","Senecio integerrimus",FALSE,"Senecio integerrimus"
"Agastache pallidiflora","Lamiaceae",5,"Agastache",512,469540,0.109042893044256,172,"E","Lamiaceae",FALSE,"Lamiaceae"
"Lupinus argenteus","Fabaceae",6,"Lupinus",160507,588046,27.2949735224795,173,"X","Lupinus argenteus",FALSE,"Lupinus argenteus"
"Mertensia fusiformis","Boraginaceae",6,"Mertensia",102535,588046,17.4365610853573,173,"C","Mertensia",FALSE,"Mertensia"
"Vaccinium vitis-idaea","Ericaceae",6,"Vaccinium",89055,588046,15.1442234110937,173,"C","Vaccinium",FALSE,"Vaccinium"
"Populus alba","Salicaceae",6,"Populus",61979,588046,10.5398217146278,173,"B","Populus angustifolia",TRUE,"Salix"
"Lupinus sericeus","Fabaceae",6,"Lupinus",58005,588046,9.8640242430014,173,"A","Lupinus sericeus",FALSE,"Lupinus sericeus"
"Mertensia ciliata","Boraginaceae",6,"Mertensia",35762,588046,6.08149702574288,173,"A","Mertensia ciliata",FALSE,"Mertensia ciliata"
"Cynoglossum pringlei","Boraginaceae",6,"Cynoglossum",10269,588046,1.74629195675168,173,"B","Cynoglossum officinale",FALSE,"Cynoglossum officinale"
"Cynoglossum pringlei","Boraginaceae",6,"Cynoglossum",10269,588046,1.74629195675168,173,"B","Cynoglossum officinale",FALSE,"Cynoglossum officinale"
"Gaultheria prostrata","Ericaceae",6,"Gaultheria",7709,588046,1.31095186430993,173,"B","Gaultheria humifusa",FALSE,"Gaultheria humifusa"
"Hydrophyllum canadense","Hydrophyllaceae",6,"Hydrophyllum",7518,588046,1.27847141210041,173,"C","Hydrophyllum",FALSE,"Hydrophyllum"
"Erigeron grandiflorus","Asteraceae",6,"Erigeron",6334,588046,1.07712661934611,173,"C","Erigeron",FALSE,"Erigeron"
"Cynoglossum anchusoides","Boraginaceae",6,"Cynoglossum",6055,588046,1.0296813514589,173,"B","Cynoglossum officinale",FALSE,"Cynoglossum officinale"
"Cynoglossum anchusoides","Boraginaceae",6,"Cynoglossum",6055,588046,1.0296813514589,173,"B","Cynoglossum officinale",FALSE,"Cynoglossum officinale"
"Cynoglossum amplifolium","Boraginaceae",6,"Cynoglossum",4707,588046,0.800447584032542,173,"B","Cynoglossum officinale",FALSE,"Cynoglossum officinale"
"Cynoglossum amplifolium","Boraginaceae",6,"Cynoglossum",4707,588046,0.800447584032542,173,"B","Cynoglossum officinale",FALSE,"Cynoglossum officinale"
"Senecio tephrosioides","Asteraceae",6,"Senecio",3770,588046,0.641106308009918,173,"B","Senecio integerrimus",FALSE,"Senecio integerrimus"
"Epilobium canum","Onagraceae",6,"Epilobium",3538,588046,0.601653612132384,173,"C","Epilobium",FALSE,"Epilobium"
"Senecio funckii","Asteraceae",6,"Senecio",2833,588046,0.481765031987294,173,"B","Senecio integerrimus",FALSE,"Senecio integerrimus"
"Hydrophyllum canadense","Hydrophyllaceae",7,"Hydrophyllum",101079,141824,71.2707299187726,183,"C","Hydrophyllum",FALSE,"Hydrophyllum"
"Hydrophyllum fendleri","Hydrophyllaceae",7,"Hydrophyllum",11234,141824,7.92108528880866,183,"A","Hydrophyllum fendleri",FALSE,"Hydrophyllum fendleri"
"Lathyrus lanszwertii","Fabaceae",7,"Lathyrus",9072,141824,6.39666064981949,183,"A","Lathyrus lanszwertii",FALSE,"Lathyrus lanszwertii"
"Epilobium canum","Onagraceae",7,"Epilobium",4027,141824,2.83943479241877,183,"C","Epilobium",FALSE,"Epilobium"
"Lupinus argenteus","Fabaceae",7,"Lupinus",2447,141824,1.725377933213,183,"A","Lupinus argenteus",FALSE,"Lupinus argenteus"
"Chamaenerion angustifolium","Onagraceae",7,"Chamaenerion",1412,141824,0.995600180505415,183,"X","Chamaenerion angustifolium",FALSE,"Chamaenerion angustifolium"
"Nemophila menziesii","Boraginaceae",7,"Nemophila",1216,141824,0.857400722021661,183,"B","Nemophila breviflora",FALSE,"Nemophila breviflora"
"Lupinus sericeus","Fabaceae",7,"Lupinus",1132,141824,0.79817238267148,183,"A","Lupinus sericeus",FALSE,"Lupinus sericeus"
"Pseudognaphalium attenuatum","Asteraceae",7,"Pseudognaphalium",837,141824,0.59016809566787,183,"B","Pseudognaphalium macounii",FALSE,"Pseudognaphalium macounii"
"Taraxacum officinale","Asteraceae",7,"Taraxacum",769,141824,0.542221344765343,183,"B","Taraxacum campylodes",FALSE,"Taraxacum campylodes"
"Erigeron grandiflorus","Asteraceae",7,"Erigeron",757,141824,0.533760153429603,183,"C","Erigeron",FALSE,"Erigeron"
"Symphyotrichum foliaceum","Asteraceae",7,"Symphyotrichum",738,141824,0.520363267148015,183,"B","Symphyotrichum eatonii",FALSE,"Symphyotrichum eatonii"
"Vaccinium vitis-idaea","Ericaceae",7,"Vaccinium",656,141824,0.462545126353791,183,"C","Vaccinium",FALSE,"Vaccinium"
"Agastache pallidiflora","Lamiaceae",7,"Agastache",494,141824,0.3483190433213,183,"B","Agastache urticifolia",FALSE,"Agastache urticifolia"
"Arenaria globiflora","Caryophyllaceae",7,"Arenaria",490,141824,0.345498646209386,183,"B","Arenaria congesta",FALSE,"Arenaria congesta"
"Mertensia ciliata","Boraginaceae",8,"Mertensia",15434,48535,31.7997321520552,183,"A","Mertensia ciliata",FALSE,"Mertensia ciliata"
"Mertensia fusiformis","Boraginaceae",8,"Mertensia",15386,48535,31.7008344493664,183,"C","Mertensia",FALSE,"Mertensia"
"Parnassia palustris","Celastraceae",8,"Paxistima",3811,48535,7.85206551972803,183,"D","Paxistima myrsinites",FALSE,"Paxistima myrsinites"
"Hydrophyllum fendleri","Hydrophyllaceae",8,"Hydrophyllum",3119,48535,6.42629030596477,183,"A","Hydrophyllum fendleri",FALSE,"Hydrophyllum fendleri"
"Lupinus argenteus","Fabaceae",8,"Lupinus",2006,48535,4.13309982486865,183,"A","Lupinus argenteus",FALSE,"Lupinus argenteus"
"Erigeron grandiflorus","Asteraceae",8,"Erigeron",1530,48535,3.1523642732049,183,"C","Erigeron",FALSE,"Erigeron"
"Geum ternatum","Rosaceae",8,"Geum",831,48535,1.71216647779953,183,"C","Geum",FALSE,"Geum"
"Lupinus sericeus","Fabaceae",8,"Lupinus",829,48535,1.70804574018749,183,"A","Lupinus sericeus",FALSE,"Lupinus sericeus"
"Taraxacum officinale","Asteraceae",8,"Taraxacum",753,48535,1.55145771093026,183,"B","Taraxacum campylodes",FALSE,"Taraxacum campylodes"
"Hydrophyllum canadense","Hydrophyllaceae",8,"Hydrophyllum",705,48535,1.45256000824148,183,"C","Hydrophyllum",FALSE,"Hydrophyllum"
"Epilobium canum","Onagraceae",8,"Epilobium",663,48535,1.36602451838879,183,"C","Epilobium",FALSE,"Epilobium"
"Symphyotrichum foliaceum","Asteraceae",8,"Symphyotrichum",418,48535,0.861234160914804,183,"B","Symphyotrichum eatonii",FALSE,"Symphyotrichum eatonii"
"Cirsium parryi","Asteraceae",8,"Cirsium",405,48535,0.834449366436592,183,"C","Cirsium",FALSE,"Cirsium"
"Cynoglossum anchusoides","Boraginaceae",8,"Cynoglossum",287,48535,0.591325847326671,183,"B","Cynoglossum officinale",FALSE,"Cynoglossum officinale"
"Cynoglossum anchusoides","Boraginaceae",8,"Cynoglossum",287,48535,0.591325847326671,183,"B","Cynoglossum officinale",FALSE,"Cynoglossum officinale"
"Cynoglossum pringlei","Boraginaceae",8,"Cynoglossum",265,48535,0.545997733594313,183,"B","Cynoglossum officinale",FALSE,"Cynoglossum officinale"
"Cynoglossum pringlei","Boraginaceae",8,"Cynoglossum",265,48535,0.545997733594313,183,"B","Cynoglossum officinale",FALSE,"Cynoglossum officinale"
"Hydrophyllum fendleri","Hydrophyllaceae",9,"Hydrophyllum",17841,28285,63.0758352483649,176,"A","Hydrophyllum fendleri",FALSE,"Hydrophyllum fendleri"
"Hydrophyllum canadense","Hydrophyllaceae",9,"Hydrophyllum",4249,28285,15.0220965175888,176,"C","Hydrophyllum",FALSE,"Hydrophyllum"
"Parnassia palustris","Celastraceae",9,"Paxistima",1761,28285,6.22591479582818,176,"D","Paxistima myrsinites",FALSE,"Paxistima myrsinites"
"Hydrophyllum capitatum","Hydrophyllaceae",9,"Hydrophyllum",709,28285,2.50662895527665,176,"A","Hydrophyllum capitatum",FALSE,"Hydrophyllum capitatum"
"Erigeron grandiflorus","Asteraceae",9,"Erigeron",346,28285,1.22326321371752,176,"C","Erigeron",FALSE,"Erigeron"
"Taraxacum officinale","Asteraceae",9,"Taraxacum",337,28285,1.19144422838961,176,"B","Taraxacum campylodes",FALSE,"Taraxacum campylodes"
"Lupinus sericeus","Fabaceae",9,"Lupinus",321,28285,1.13487714336221,176,"A","Lupinus sericeus",FALSE,"Lupinus sericeus"
"Geum ternatum","Rosaceae",9,"Geum",300,28285,1.06063284426374,176,"C","Geum",FALSE,"Geum"
"Mertensia fusiformis","Boraginaceae",9,"Mertensia",299,28285,1.05709740144953,176,"C","Mertensia",FALSE,"Mertensia"
"Cirsium parryi","Asteraceae",9,"Cirsium",260,28285,0.919215131695245,176,"C","Cirsium",FALSE,"Cirsium"
"Symphyotrichum foliaceum","Asteraceae",9,"Symphyotrichum",232,28285,0.820222732897295,176,"B","Symphyotrichum eatonii",FALSE,"Symphyotrichum eatonii"
"Lupinus argenteus","Fabaceae",9,"Lupinus",211,28285,0.745978433798833,176,"X","Lupinus argenteus",FALSE,"Lupinus argenteus"
"Mertensia ciliata","Boraginaceae",9,"Mertensia",194,28285,0.685875905957221,176,"A","Mertensia ciliata",FALSE,"Mertensia ciliata"
"Epilobium canum","Onagraceae",9,"Epilobium",167,28285,0.590418949973484,176,"C","Epilobium",FALSE,"Epilobium"
"Nemophila menziesii","Boraginaceae",9,"Nemophila",127,28285,0.449001237404985,176,"B","Nemophila breviflora",FALSE,"Nemophila breviflora"
"Parnassia palustris","Celastraceae",10,"Paxistima",5,32,15.625,165,"D","Paxistima myrsinites",FALSE,"Paxistima myrsinites"
"Delphinium nuttallianum","Ranunculaceae",10,"Delphinium",4,32,12.5,165,"A","Delphinium nuttallianum",FALSE,"Delphinium nuttallianum"
"Lupinus argenteus","Fabaceae",10,"Lupinus",4,32,12.5,165,"X","Lupinus argenteus",FALSE,"Lupinus argenteus"
"Mertensia ciliata","Boraginaceae",10,"Mertensia",3,32,9.375,165,"A","Mertensia ciliata",FALSE,"Mertensia ciliata"
"Delphinium barbeyi","Ranunculaceae",10,"Delphinium",3,32,9.375,165,"C","Delphinium",FALSE,"Delphinium"
"Lupinus sericeus","Fabaceae",10,"Lupinus",2,32,6.25,165,"A","Lupinus sericeus",FALSE,"Lupinus sericeus"
"Hydrophyllum fendleri","Hydrophyllaceae",10,"Hydrophyllum",2,32,6.25,165,"A","Hydrophyllum fendleri",FALSE,"Hydrophyllum fendleri"
"Hydrophyllum canadense","Hydrophyllaceae",10,"Hydrophyllum",2,32,6.25,165,"C","Hydrophyllum",FALSE,"Hydrophyllum"
"Symphyotrichum foliaceum","Asteraceae",10,"Symphyotrichum",1,32,3.125,165,"B","Symphyotrichum eatonii",FALSE,"Symphyotrichum eatonii"
"Taraxacum officinale","Asteraceae",10,"Taraxacum",1,32,3.125,165,"B","Taraxacum campylodes",FALSE,"Taraxacum campylodes"
"Helianthella quinquenervis","Asteraceae",10,"Helianthella",1,32,3.125,165,"B","Helianthella parryi",FALSE,"Helianthella parryi"
"Mertensia fusiformis","Boraginaceae",10,"Mertensia",1,32,3.125,165,"C","Mertensia",FALSE,"Mertensia"
"Cirsium parryi","Asteraceae",10,"Cirsium",1,32,3.125,165,"C","Cirsium",FALSE,"Cirsium"
"Erigeron grandiflorus","Asteraceae",10,"Erigeron",1,32,3.125,165,"C","Erigeron",FALSE,"Erigeron"
"Heterotheca villosa","Asteraceae",10,"Heterotheca",1,32,3.125,165,"E","Asteraceae",FALSE,"Asteraceae"
"Delphinium barbeyi","Ranunculaceae",11,"Delphinium",38912,66752,58.2933844678811,189,"A","Delphinium barbeyi",FALSE,"Delphinium barbeyi"
"Delphinium nuttallianum","Ranunculaceae",11,"Delphinium",11475,66752,17.1904961649089,189,"X","Delphinium nuttallianum",FALSE,"Delphinium nuttallianum"
"Delphinium gracile","Ranunculaceae",11,"Delphinium",6116,66752,9.16227229146692,189,"C","Delphinium",FALSE,"Delphinium"
"Viola odorata","Violaceae",11,"Viola",3796,66752,5.68672099712368,189,"C","Viola",FALSE,"Viola"
"Trollius europaeus","Ranunculaceae",11,"Trollius",552,66752,0.826941514860978,189,"C","Trollius",FALSE,"Trollius"
"Caltha palustris","Ranunculaceae",11,"Caltha",525,66752,0.786493288590604,189,"B","Caltha leptosepala",FALSE,"Caltha leptosepala"
"Potentilla pulcherrima","Rosaceae",11,"Potentilla",498,66752,0.74604506232023,189,"A","Potentilla pulcherrima",FALSE,"Potentilla pulcherrima"
"Lithophragma parviflorum","Saxifragaceae",11,"Lithophragma",482,66752,0.722075743048897,189,"B","Lithophragma glabrum",FALSE,"Lithophragma glabrum"
"Aquilegia ecalcarata","Ranunculaceae",11,"Aquilegia",367,66752,0.549796260786194,189,"C","Aquilegia",FALSE,"Aquilegia"
"Thalictrum tuberosum","Ranunculaceae",11,"Thalictrum",275,66752,0.411972674976031,189,"C","Thalictrum",FALSE,"Thalictrum"
"Arenaria globiflora","Caryophyllaceae",11,"Arenaria",271,66752,0.405980345158197,189,"B","Arenaria congesta",FALSE,"Arenaria congesta"
"Cynoglossum amplifolium","Boraginaceae",11,"Cynoglossum",249,66752,0.373022531160115,189,"B","Cynoglossum officinale",FALSE,"Cynoglossum officinale"
"Cynoglossum amplifolium","Boraginaceae",11,"Cynoglossum",249,66752,0.373022531160115,189,"B","Cynoglossum officinale",FALSE,"Cynoglossum officinale"
"Corydalis aitchisonii","Papaveraceae",11,"Corydalis",245,66752,0.367030201342282,189,"B","Corydalis caseana",FALSE,"Corydalis caseana"
"Dasiphora fruticosa","Rosaceae",11,"Dasiphora",202,66752,0.302612655800575,189,"A","Dasiphora fruticosa",FALSE,"Dasiphora fruticosa"
"Lupinus sericeus","Fabaceae",11,"Lupinus",191,66752,0.286133748801534,189,"A","Lupinus sericeus",FALSE,"Lupinus sericeus"
"Delphinium barbeyi","Ranunculaceae",12,"Delphinium",5159,11976,43.0778223112892,186,"A","Delphinium barbeyi",FALSE,"Delphinium barbeyi"
"Delphinium nuttallianum","Ranunculaceae",12,"Delphinium",3219,11976,26.8787575150301,186,"A","Delphinium nuttallianum",FALSE,"Delphinium nuttallianum"
"Delphinium gracile","Ranunculaceae",12,"Delphinium",1652,11976,13.7942551770207,186,"C","Delphinium",FALSE,"Delphinium"
"Taraxacum officinale","Asteraceae",12,"Taraxacum",430,11976,3.59051436205745,186,"B","Taraxacum campylodes",FALSE,"Taraxacum campylodes"
"Trollius europaeus","Ranunculaceae",12,"Trollius",166,11976,1.38610554442218,186,"C","Trollius",FALSE,"Trollius"
"Dasiphora fruticosa","Rosaceae",12,"Dasiphora",150,11976,1.25250501002004,186,"A","Dasiphora fruticosa",FALSE,"Dasiphora fruticosa"
"Caltha palustris","Ranunculaceae",12,"Caltha",147,11976,1.22745490981964,186,"B","Caltha leptosepala",FALSE,"Caltha leptosepala"
"Parnassia palustris","Celastraceae",12,"Paxistima",119,11976,0.993653974615898,186,"D","Paxistima myrsinites",FALSE,"Paxistima myrsinites"
"Aquilegia ecalcarata","Ranunculaceae",12,"Aquilegia",96,11976,0.801603206412826,186,"C","Aquilegia",FALSE,"Aquilegia"
"Taraxacum cucullatum","Asteraceae",12,"Taraxacum",85,11976,0.709752839011356,186,"B","Taraxacum campylodes",FALSE,"Taraxacum campylodes"
"Thalictrum tuberosum","Ranunculaceae",12,"Thalictrum",61,11976,0.50935203740815,186,"C","Thalictrum",FALSE,"Thalictrum"
"Corydalis aitchisonii","Papaveraceae",12,"Corydalis",59,11976,0.492651970607882,186,"B","Corydalis caseana",FALSE,"Corydalis caseana"
"Thalictrum thalictroides","Ranunculaceae",12,"Thalictrum",54,11976,0.450901803607214,186,"C","Thalictrum",FALSE,"Thalictrum"
"Orthilia secunda","Ericaceae",12,"Orthilia",45,11976,0.375751503006012,186,"X","Orthilia secunda",FALSE,"Orthilia secunda"
"Helianthella quinquenervis","Asteraceae",12,"Helianthella",39,11976,0.32565130260521,186,"A","Helianthella quinquenervis",FALSE,"Helianthella quinquenervis"
"Delphinium barbeyi","Ranunculaceae",13,"Delphinium",24322,54192,44.8811632713316,165,"C","Delphinium",FALSE,"Delphinium"
"Delphinium nuttallianum","Ranunculaceae",13,"Delphinium",14397,54192,26.5666519043401,165,"A","Delphinium nuttallianum",FALSE,"Delphinium nuttallianum"
"Delphinium gracile","Ranunculaceae",13,"Delphinium",8440,54192,15.5742545025096,165,"C","Delphinium",FALSE,"Delphinium"
"Trollius europaeus","Ranunculaceae",13,"Trollius",947,54192,1.74749040448775,165,"C","Trollius",FALSE,"Trollius"
"Caltha palustris","Ranunculaceae",13,"Caltha",593,54192,1.0942574549749,165,"B","Caltha leptosepala",FALSE,"Caltha leptosepala"
"Taraxacum officinale","Asteraceae",13,"Taraxacum",464,54192,0.856214939474461,165,"B","Taraxacum campylodes",FALSE,"Taraxacum campylodes"
"Aquilegia ecalcarata","Ranunculaceae",13,"Aquilegia",411,54192,0.758414526129318,165,"C","Aquilegia",FALSE,"Aquilegia"
"Parnassia palustris","Celastraceae",13,"Paxistima",364,54192,0.671685857691172,165,"D","Paxistima myrsinites",FALSE,"Paxistima myrsinites"
"Thalictrum tuberosum","Ranunculaceae",13,"Thalictrum",328,54192,0.605255388249188,165,"C","Thalictrum",FALSE,"Thalictrum"
"Dasiphora fruticosa","Rosaceae",13,"Dasiphora",275,54192,0.507454974904045,165,"A","Dasiphora fruticosa",FALSE,"Dasiphora fruticosa"
"Thalictrum thalictroides","Ranunculaceae",13,"Thalictrum",209,54192,0.385665780927074,165,"C","Thalictrum",FALSE,"Thalictrum"
"Mertensia fusiformis","Boraginaceae",13,"Mertensia",208,54192,0.383820490109241,165,"C","Mertensia",FALSE,"Mertensia"
"Lupinus sericeus","Fabaceae",13,"Lupinus",201,54192,0.370903454384411,165,"A","Lupinus sericeus",FALSE,"Lupinus sericeus"
"Corydalis aitchisonii","Papaveraceae",13,"Corydalis",160,54192,0.295246530853262,165,"F","Corydalis aitchisonii",FALSE,"Corydalis aitchisonii"
"Erigeron grandiflorus","Asteraceae",13,"Erigeron",158,54192,0.291555949217597,165,"C","Erigeron",FALSE,"Erigeron"
"Delphinium barbeyi","Ranunculaceae",14,"Delphinium",171592,388214,44.200363716919,165,"C","Delphinium",FALSE,"Delphinium"
"Delphinium nuttallianum","Ranunculaceae",14,"Delphinium",108988,388214,28.0742064943562,165,"A","Delphinium nuttallianum",FALSE,"Delphinium nuttallianum"
"Delphinium gracile","Ranunculaceae",14,"Delphinium",52942,388214,13.6373237441205,165,"C","Delphinium",FALSE,"Delphinium"
"Taraxacum officinale","Asteraceae",14,"Taraxacum",8448,388214,2.17611935684957,165,"B","Taraxacum campylodes",FALSE,"Taraxacum campylodes"
"Trollius europaeus","Ranunculaceae",14,"Trollius",6343,388214,1.63389264683911,165,"C","Trollius",FALSE,"Trollius"
"Caltha palustris","Ranunculaceae",14,"Caltha",4126,388214,1.0628158695977,165,"B","Caltha leptosepala",FALSE,"Caltha leptosepala"
"Thalictrum tuberosum","Ranunculaceae",14,"Thalictrum",2912,388214,0.750101748004966,165,"C","Thalictrum",FALSE,"Thalictrum"
"Aquilegia ecalcarata","Ranunculaceae",14,"Aquilegia",2618,388214,0.674370321523696,165,"C","Aquilegia",FALSE,"Aquilegia"
"Hydrophyllum capitatum","Hydrophyllaceae",14,"Hydrophyllum",2335,388214,0.601472383788323,165,"A","Hydrophyllum capitatum",FALSE,"Hydrophyllum capitatum"
"Thalictrum thalictroides","Ranunculaceae",14,"Thalictrum",1921,388214,0.494830170988166,165,"C","Thalictrum",FALSE,"Thalictrum"
"Taraxacum cucullatum","Asteraceae",14,"Taraxacum",1772,388214,0.45644927797555,165,"B","Taraxacum campylodes",FALSE,"Taraxacum campylodes"
"Dasiphora fruticosa","Rosaceae",14,"Dasiphora",1464,388214,0.377111593090409,165,"A","Dasiphora fruticosa",FALSE,"Dasiphora fruticosa"
"Anemone chinensis","Ranunculaceae",14,"Anemone",1346,388214,0.346715986543504,165,"C","Anemone",FALSE,"Anemone"
"Viola odorata","Violaceae",14,"Viola",1023,388214,0.263514453368503,165,"C","Viola",FALSE,"Viola"
"Actaea heracleifolia","Ranunculaceae",14,"Actaea",967,388214,0.249089419753023,165,"B","Actaea rubra",FALSE,"Actaea rubra"
"Delphinium barbeyi","Ranunculaceae",15,"Delphinium",25683,58001,44.2802710298098,165,"C","Delphinium",FALSE,"Delphinium"
"Delphinium nuttallianum","Ranunculaceae",15,"Delphinium",16430,58001,28.3270978086585,165,"A","Delphinium nuttallianum",FALSE,"Delphinium nuttallianum"
"Delphinium gracile","Ranunculaceae",15,"Delphinium",7556,58001,13.0273615972138,165,"C","Delphinium",FALSE,"Delphinium"
"Trollius europaeus","Ranunculaceae",15,"Trollius",1288,58001,2.22065136807986,165,"C","Trollius",FALSE,"Trollius"
"Parnassia palustris","Celastraceae",15,"Paxistima",713,58001,1.22928915018707,165,"D","Paxistima myrsinites",FALSE,"Paxistima myrsinites"
"Thalictrum tuberosum","Ranunculaceae",15,"Thalictrum",540,58001,0.931018430716712,165,"C","Thalictrum",FALSE,"Thalictrum"
"Caltha palustris","Ranunculaceae",15,"Caltha",459,58001,0.791365666109205,165,"B","Caltha leptosepala",FALSE,"Caltha leptosepala"
"Thalictrum thalictroides","Ranunculaceae",15,"Thalictrum",329,58001,0.567231599455182,165,"C","Thalictrum",FALSE,"Thalictrum"
"Hydrophyllum capitatum","Hydrophyllaceae",15,"Hydrophyllum",313,58001,0.539645868174687,165,"A","Hydrophyllum capitatum",FALSE,"Hydrophyllum capitatum"
"Lupinus argenteus","Fabaceae",15,"Lupinus",295,58001,0.50861192048413,165,"X","Lupinus argenteus",FALSE,"Lupinus argenteus"
"Dasiphora fruticosa","Rosaceae",15,"Dasiphora",285,58001,0.49137083843382,165,"A","Dasiphora fruticosa",FALSE,"Dasiphora fruticosa"
"Anemone chinensis","Ranunculaceae",15,"Anemone",269,58001,0.463785107153325,165,"C","Anemone",FALSE,"Anemone"
"Aquilegia ecalcarata","Ranunculaceae",15,"Aquilegia",263,58001,0.453440457923139,165,"C","Aquilegia",FALSE,"Aquilegia"
"Lupinus sericeus","Fabaceae",15,"Lupinus",260,58001,0.448268133308046,165,"A","Lupinus sericeus",FALSE,"Lupinus sericeus"
"Erigeron grandiflorus","Asteraceae",15,"Erigeron",235,58001,0.405165428182273,165,"C","Erigeron",FALSE,"Erigeron"
"Delphinium barbeyi","Ranunculaceae",16,"Delphinium",33236,71784,46.3000111445447,171,"X","Delphinium barbeyi",FALSE,"Delphinium barbeyi"
"Delphinium nuttallianum","Ranunculaceae",16,"Delphinium",19779,71784,27.5534938147777,171,"A","Delphinium nuttallianum",FALSE,"Delphinium nuttallianum"
"Delphinium gracile","Ranunculaceae",16,"Delphinium",10354,71784,14.4238270366656,171,"C","Delphinium",FALSE,"Delphinium"
"Trollius europaeus","Ranunculaceae",16,"Trollius",939,71784,1.30809093948512,171,"C","Trollius",FALSE,"Trollius"
"Caltha palustris","Ranunculaceae",16,"Caltha",721,71784,1.00440209517441,171,"B","Caltha leptosepala",FALSE,"Caltha leptosepala"
"Cynoglossum amplifolium","Boraginaceae",16,"Cynoglossum",713,71784,0.993257550429065,171,"B","Cynoglossum officinale",FALSE,"Cynoglossum officinale"
"Cynoglossum amplifolium","Boraginaceae",16,"Cynoglossum",713,71784,0.993257550429065,171,"B","Cynoglossum officinale",FALSE,"Cynoglossum officinale"
"Thalictrum tuberosum","Ranunculaceae",16,"Thalictrum",604,71784,0.84141312827371,171,"C","Thalictrum",FALSE,"Thalictrum"
"Aquilegia ecalcarata","Ranunculaceae",16,"Aquilegia",379,71784,0.527972807310821,171,"C","Aquilegia",FALSE,"Aquilegia"
"Populus alba","Salicaceae",16,"Populus",345,71784,0.480608492143096,171,"B","Populus angustifolia",TRUE,"Salix"
"Thalictrum thalictroides","Ranunculaceae",16,"Thalictrum",338,71784,0.470857015490917,171,"C","Thalictrum",FALSE,"Thalictrum"
"Anemone chinensis","Ranunculaceae",16,"Anemone",316,71784,0.440209517441213,171,"C","Anemone",FALSE,"Anemone"
"Dasiphora fruticosa","Rosaceae",16,"Dasiphora",270,71784,0.376128385155466,171,"A","Dasiphora fruticosa",FALSE,"Dasiphora fruticosa"
"Erigeron grandiflorus","Asteraceae",16,"Erigeron",210,71784,0.292544299565363,171,"C","Erigeron",FALSE,"Erigeron"
"Berberis sibirica","Berberidaceae",16,"Berberis",188,71784,0.261896801515658,171,"B","Berberis repens",FALSE,"Berberis repens"
"Lupinus argenteus","Fabaceae",16,"Lupinus",185,71784,0.257717597236153,171,"X","Lupinus argenteus",FALSE,"Lupinus argenteus"
"Agastache pallidiflora","Lamiaceae",17,"Agastache",50501,201510,25.0612872810282,154,"E","Lamiaceae",FALSE,"Lamiaceae"
"Delphinium barbeyi","Ranunculaceae",17,"Delphinium",35781,201510,17.7564388864076,154,"C","Delphinium",FALSE,"Delphinium"
"Delphinium nuttallianum","Ranunculaceae",17,"Delphinium",12449,201510,6.17785717830381,154,"A","Delphinium nuttallianum",FALSE,"Delphinium nuttallianum"
"Delphinium gracile","Ranunculaceae",17,"Delphinium",7561,201510,3.75217110813359,154,"C","Delphinium",FALSE,"Delphinium"
"Helianthella quinquenervis","Asteraceae",17,"Helianthella",2908,201510,1.44310456056771,154,"B","Helianthella parryi",FALSE,"Helianthella parryi"
"Lupinus argenteus","Fabaceae",17,"Lupinus",2740,201510,1.3597340082378,154,"C","Lupinus",FALSE,"Lupinus"
"Campanula rotundifolia","Campanulaceae",17,"Campanula",2703,201510,1.34137263659372,154,"F","Campanula rotundifolia",FALSE,"Campanula rotundifolia"
"Phlox douglasii","Polemoniaceae",17,"Phlox",2701,201510,1.34038013001836,154,"C","Phlox",FALSE,"Phlox"
"Populus alba","Salicaceae",17,"Populus",2676,201510,1.32797379782641,154,"B","Populus angustifolia",TRUE,"Salix"
"Cynoglossum amplifolium","Boraginaceae",17,"Cynoglossum",2432,201510,1.20688799563297,154,"B","Cynoglossum officinale",FALSE,"Cynoglossum officinale"
"Cynoglossum amplifolium","Boraginaceae",17,"Cynoglossum",2432,201510,1.20688799563297,154,"B","Cynoglossum officinale",FALSE,"Cynoglossum officinale"
"Taraxacum officinale","Asteraceae",17,"Taraxacum",2297,201510,1.13989380179644,154,"B","Taraxacum campylodes",FALSE,"Taraxacum campylodes"
"Lithophragma parviflorum","Saxifragaceae",17,"Lithophragma",2205,201510,1.09423849933006,154,"B","Lithophragma glabrum",FALSE,"Lithophragma glabrum"
"Hydrophyllum canadense","Hydrophyllaceae",17,"Hydrophyllum",2128,201510,1.05602699617885,154,"C","Hydrophyllum",FALSE,"Hydrophyllum"
"Osmorhiza aristata","Apiaceae",17,"Osmorhiza",2126,201510,1.05503448960349,154,"B","Osmorhiza berteroi",FALSE,"Osmorhiza berteroi"
"Campanula argaea","Campanulaceae",17,"Campanula",2107,201510,1.04560567713761,154,"F","Campanula argaea",FALSE,"Campanula argaea"
"Delphinium barbeyi","Ranunculaceae",18,"Delphinium",4681,16870,27.7474807350326,166,"C","Delphinium",FALSE,"Delphinium"
"Epilobium canum","Onagraceae",18,"Epilobium",4381,16870,25.9691760521636,166,"C","Epilobium",FALSE,"Epilobium"
"Delphinium nuttallianum","Ranunculaceae",18,"Delphinium",3306,16870,19.5969176052164,166,"A","Delphinium nuttallianum",FALSE,"Delphinium nuttallianum"
"Delphinium gracile","Ranunculaceae",18,"Delphinium",1059,16870,6.27741553052756,166,"C","Delphinium",FALSE,"Delphinium"
"Pseudognaphalium attenuatum","Asteraceae",18,"Pseudognaphalium",1045,16870,6.19442797866034,166,"B","Pseudognaphalium macounii",FALSE,"Pseudognaphalium macounii"
"Cynoglossum pringlei","Boraginaceae",18,"Cynoglossum",413,16870,2.44813278008299,166,"B","Cynoglossum officinale",FALSE,"Cynoglossum officinale"
"Cynoglossum pringlei","Boraginaceae",18,"Cynoglossum",413,16870,2.44813278008299,166,"B","Cynoglossum officinale",FALSE,"Cynoglossum officinale"
"Arenaria globiflora","Caryophyllaceae",18,"Arenaria",246,16870,1.45820983995258,166,"B","Arenaria congesta",FALSE,"Arenaria congesta"
"Cirsium parryi","Asteraceae",18,"Cirsium",158,16870,0.936573799644339,166,"C","Cirsium",FALSE,"Cirsium"
"Karpatiosorbus devoniensis","Rosaceae",18,"Karpatiosorbus",98,16870,0.580912863070539,166,"E","Rosaceae",TRUE,"Sorbus scopulina"
"Karpatiosorbus devoniensis","Rosaceae",18,"Karpatiosorbus",98,16870,0.580912863070539,166,"E","Rosaceae",TRUE,"Sorbus scopulina"
"Symphyotrichum foliaceum","Asteraceae",18,"Symphyotrichum",97,16870,0.574985180794309,166,"B","Symphyotrichum eatonii",FALSE,"Symphyotrichum eatonii"
"Hydrophyllum canadense","Hydrophyllaceae",18,"Hydrophyllum",89,16870,0.527563722584469,166,"C","Hydrophyllum",FALSE,"Hydrophyllum"
"Lupinus sericeus","Fabaceae",18,"Lupinus",84,16870,0.497925311203319,166,"A","Lupinus sericeus",FALSE,"Lupinus sericeus"
"Mertensia ciliata","Boraginaceae",18,"Mertensia",82,16870,0.48606994665086,166,"A","Mertensia ciliata",FALSE,"Mertensia ciliata"
"Caltha palustris","Ranunculaceae",18,"Caltha",78,16870,0.46235921754594,166,"B","Caltha leptosepala",FALSE,"Caltha leptosepala"
"Thalictrum thalictroides","Ranunculaceae",18,"Thalictrum",69,16870,0.40901007705987,166,"C","Thalictrum",FALSE,"Thalictrum"
"Mertensia fusiformis","Boraginaceae",19,"Mertensia",77561,282084,27.4957104975823,169,"C","Mertensia",FALSE,"Mertensia"
"Lupinus argenteus","Fabaceae",19,"Lupinus",49939,282084,17.7035918378923,169,"X","Lupinus argenteus",FALSE,"Lupinus argenteus"
"Mertensia ciliata","Boraginaceae",19,"Mertensia",48791,282084,17.296620864707,169,"A","Mertensia ciliata",FALSE,"Mertensia ciliata"
"Delphinium barbeyi","Ranunculaceae",19,"Delphinium",29197,282084,10.3504629826576,169,"C","Delphinium",FALSE,"Delphinium"
"Delphinium nuttallianum","Ranunculaceae",19,"Delphinium",16705,282084,5.92199486677727,169,"A","Delphinium nuttallianum",FALSE,"Delphinium nuttallianum"
"Cynoglossum pringlei","Boraginaceae",19,"Cynoglossum",12730,282084,4.5128401469066,169,"B","Cynoglossum officinale",FALSE,"Cynoglossum officinale"
"Cynoglossum pringlei","Boraginaceae",19,"Cynoglossum",12730,282084,4.5128401469066,169,"B","Cynoglossum officinale",FALSE,"Cynoglossum officinale"
"Delphinium gracile","Ranunculaceae",19,"Delphinium",9348,282084,3.31390649593738,169,"C","Delphinium",FALSE,"Delphinium"
"Erigeron grandiflorus","Asteraceae",19,"Erigeron",7517,282084,2.66480906396676,169,"C","Erigeron",FALSE,"Erigeron"
"Cynoglossum anchusoides","Boraginaceae",19,"Cynoglossum",6452,282084,2.28726195034103,169,"B","Cynoglossum officinale",FALSE,"Cynoglossum officinale"
"Cynoglossum anchusoides","Boraginaceae",19,"Cynoglossum",6452,282084,2.28726195034103,169,"B","Cynoglossum officinale",FALSE,"Cynoglossum officinale"
"Cynoglossum amplifolium","Boraginaceae",19,"Cynoglossum",6103,282084,2.16353993845805,169,"B","Cynoglossum officinale",FALSE,"Cynoglossum officinale"
"Cynoglossum amplifolium","Boraginaceae",19,"Cynoglossum",6103,282084,2.16353993845805,169,"B","Cynoglossum officinale",FALSE,"Cynoglossum officinale"
"Campanula rotundifolia","Campanulaceae",19,"Campanula",2441,282084,0.865345074516811,169,"F","Campanula rotundifolia",FALSE,"Campanula rotundifolia"
"Populus alba","Salicaceae",19,"Populus",2364,282084,0.838048240949504,169,"B","Populus angustifolia",TRUE,"Salix"
"Trollius europaeus","Ranunculaceae",19,"Trollius",1129,282084,0.400235390876477,169,"C","Trollius",FALSE,"Trollius"
"Arenaria globiflora","Caryophyllaceae",19,"Arenaria",799,282084,0.283248961302307,169,"B","Arenaria congesta",FALSE,"Arenaria congesta"
"Caltha palustris","Ranunculaceae",19,"Caltha",703,282084,0.249216545426185,169,"B","Caltha leptosepala",FALSE,"Caltha leptosepala"
"Lupinus argenteus","Fabaceae",20,"Lupinus",82900,186276,44.5038544954798,165,"X","Lupinus argenteus",FALSE,"Lupinus argenteus"
"Lupinus sericeus","Fabaceae",20,"Lupinus",36017,186276,19.3352874229638,165,"A","Lupinus sericeus",FALSE,"Lupinus sericeus"
"Delphinium barbeyi","Ranunculaceae",20,"Delphinium",9125,186276,4.89864502136615,165,"C","Delphinium",FALSE,"Delphinium"
"Viola odorata","Violaceae",20,"Viola",9003,186276,4.83315080847774,165,"C","Viola",FALSE,"Viola"
"Vicia americana","Fabaceae",20,"Vicia",8854,186276,4.7531619747042,165,"A","Vicia americana",FALSE,"Vicia americana"
"Delphinium nuttallianum","Ranunculaceae",20,"Delphinium",5905,186276,3.17002727136078,165,"A","Delphinium nuttallianum",FALSE,"Delphinium nuttallianum"
"Lithophragma parviflorum","Saxifragaceae",20,"Lithophragma",3917,186276,2.10279370396616,165,"B","Lithophragma glabrum",FALSE,"Lithophragma glabrum"
"Campanula rotundifolia","Campanulaceae",20,"Campanula",2833,186276,1.52086151731839,165,"F","Campanula rotundifolia",FALSE,"Campanula rotundifolia"
"Delphinium gracile","Ranunculaceae",20,"Delphinium",2338,186276,1.25512680109085,165,"C","Delphinium",FALSE,"Delphinium"
"Mertensia ciliata","Boraginaceae",20,"Mertensia",2262,186276,1.21432712748824,165,"A","Mertensia ciliata",FALSE,"Mertensia ciliata"
"Saxifraga x geum","Saxifragaceae",20,"Saxifraga",1649,186276,0.88524554961455,165,"E","Saxifragaceae",FALSE,"Saxifragaceae"
"Crataegus bipinnatifida","Rosaceae",20,"Crataegus",1633,186276,0.87665614464558,165,"B","Crataegus erythropoda",FALSE,"Crataegus erythropoda"
"Crataegus bipinnatifida","Rosaceae",20,"Crataegus",1633,186276,0.87665614464558,165,"B","Crataegus erythropoda",FALSE,"Crataegus erythropoda"
"Agastache pallidiflora","Lamiaceae",20,"Agastache",1556,186276,0.835319633232408,165,"E","Lamiaceae",FALSE,"Lamiaceae"
"Hydrophyllum capitatum","Hydrophyllaceae",20,"Hydrophyllum",1543,186276,0.828340741695119,165,"A","Hydrophyllum capitatum",FALSE,"Hydrophyllum capitatum"
"Arenaria globiflora","Caryophyllaceae",20,"Arenaria",1542,186276,0.827803903884558,165,"B","Arenaria congesta",FALSE,"Arenaria congesta"
"Delphinium barbeyi","Ranunculaceae",21,"Delphinium",60571,134862,44.9133187999585,165,"C","Delphinium",FALSE,"Delphinium"
"Delphinium nuttallianum","Ranunculaceae",21,"Delphinium",36104,134862,26.7710696860494,165,"A","Delphinium nuttallianum",FALSE,"Delphinium nuttallianum"
"Delphinium gracile","Ranunculaceae",21,"Delphinium",18758,134862,13.909032937373,165,"C","Delphinium",FALSE,"Delphinium"
"Trollius europaeus","Ranunculaceae",21,"Trollius",1902,134862,1.41033056012813,165,"C","Trollius",FALSE,"Trollius"
"Cynoglossum amplifolium","Boraginaceae",21,"Cynoglossum",1638,134862,1.21457489878543,165,"B","Cynoglossum officinale",FALSE,"Cynoglossum officinale"
"Cynoglossum amplifolium","Boraginaceae",21,"Cynoglossum",1638,134862,1.21457489878543,165,"B","Cynoglossum officinale",FALSE,"Cynoglossum officinale"
"Hydrophyllum canadense","Hydrophyllaceae",21,"Hydrophyllum",1499,134862,1.11150657709362,165,"C","Hydrophyllum",FALSE,"Hydrophyllum"
"Caltha palustris","Ranunculaceae",21,"Caltha",1328,134862,0.984710296451187,165,"B","Caltha leptosepala",FALSE,"Caltha leptosepala"
"Populus alba","Salicaceae",21,"Populus",1305,134862,0.967655825955421,165,"B","Populus angustifolia",TRUE,"Salix"
"Thalictrum tuberosum","Ranunculaceae",21,"Thalictrum",1010,134862,0.748913704379292,165,"C","Thalictrum",FALSE,"Thalictrum"
"Aquilegia ecalcarata","Ranunculaceae",21,"Aquilegia",711,134862,0.527205587934333,165,"C","Aquilegia",FALSE,"Aquilegia"
"Dasiphora fruticosa","Rosaceae",21,"Dasiphora",642,134862,0.476042176447035,165,"A","Dasiphora fruticosa",FALSE,"Dasiphora fruticosa"
"Thalictrum thalictroides","Ranunculaceae",21,"Thalictrum",636,134862,0.471593184143791,165,"C","Thalictrum",FALSE,"Thalictrum"
"Hydrophyllum fendleri","Hydrophyllaceae",21,"Hydrophyllum",553,134862,0.410048790615592,165,"A","Hydrophyllum fendleri",FALSE,"Hydrophyllum fendleri"
"Anemone chinensis","Ranunculaceae",21,"Anemone",546,134862,0.404858299595142,165,"C","Anemone",FALSE,"Anemone"
"Taraxacum officinale","Asteraceae",21,"Taraxacum",461,134862,0.341830908632528,165,"B","Taraxacum campylodes",FALSE,"Taraxacum campylodes"
"Delphinium barbeyi","Ranunculaceae",23,"Delphinium",85764,186040,46.0997634917222,165,"C","Delphinium",FALSE,"Delphinium"
"Delphinium nuttallianum","Ranunculaceae",23,"Delphinium",52561,186040,28.2525263384218,165,"A","Delphinium nuttallianum",FALSE,"Delphinium nuttallianum"
"Delphinium gracile","Ranunculaceae",23,"Delphinium",22507,186040,12.0979359277575,165,"C","Delphinium",FALSE,"Delphinium"
"Viola odorata","Violaceae",23,"Viola",2981,186040,1.60234358202537,165,"C","Viola",FALSE,"Viola"
"Trollius europaeus","Ranunculaceae",23,"Trollius",2376,186040,1.2771447000645,165,"C","Trollius",FALSE,"Trollius"
"Dasiphora fruticosa","Rosaceae",23,"Dasiphora",1655,186040,0.889593635777252,165,"A","Dasiphora fruticosa",FALSE,"Dasiphora fruticosa"
"Caltha palustris","Ranunculaceae",23,"Caltha",1498,186040,0.805203182111374,165,"B","Caltha leptosepala",FALSE,"Caltha leptosepala"
"Mertensia fusiformis","Boraginaceae",23,"Mertensia",1487,186040,0.799290475166631,165,"C","Mertensia",FALSE,"Mertensia"
"Aquilegia ecalcarata","Ranunculaceae",23,"Aquilegia",1169,186040,0.62835949258224,165,"C","Aquilegia",FALSE,"Aquilegia"
"Hydrophyllum canadense","Hydrophyllaceae",23,"Hydrophyllum",1080,186040,0.580520318211137,165,"C","Hydrophyllum",FALSE,"Hydrophyllum"
"Lupinus argenteus","Fabaceae",23,"Lupinus",994,186040,0.53429370027951,165,"X","Lupinus argenteus",FALSE,"Lupinus argenteus"
"Thalictrum tuberosum","Ranunculaceae",23,"Thalictrum",981,186040,0.52730595570845,165,"C","Thalictrum",FALSE,"Thalictrum"
"Mertensia ciliata","Boraginaceae",23,"Mertensia",800,186040,0.430015050526768,165,"A","Mertensia ciliata",FALSE,"Mertensia ciliata"
"Thalictrum thalictroides","Ranunculaceae",23,"Thalictrum",740,186040,0.397763921737261,165,"C","Thalictrum",FALSE,"Thalictrum"
"Anemone chinensis","Ranunculaceae",23,"Anemone",714,186040,0.383788432595141,165,"C","Anemone",FALSE,"Anemone"
"Delphinium nuttallianum","Ranunculaceae",24,"Delphinium",14722,56427,26.0903468197849,163,"A","Delphinium nuttallianum",FALSE,"Delphinium nuttallianum"
"Delphinium barbeyi","Ranunculaceae",24,"Delphinium",8677,56427,15.3773902564375,163,"C","Delphinium",FALSE,"Delphinium"
"Lupinus argenteus","Fabaceae",24,"Lupinus",6828,56427,12.1005901430166,163,"C","Lupinus",FALSE,"Lupinus"
"Lupinus sericeus","Fabaceae",24,"Lupinus",6657,56427,11.7975437290659,163,"A","Lupinus sericeus",FALSE,"Lupinus sericeus"
"Hydrophyllum fendleri","Hydrophyllaceae",24,"Hydrophyllum",3881,56427,6.87791305580662,163,"A","Hydrophyllum fendleri",FALSE,"Hydrophyllum fendleri"
"Mertensia ciliata","Boraginaceae",24,"Mertensia",3268,56427,5.7915536888369,163,"X","Mertensia ciliata",FALSE,"Mertensia ciliata"
"Erigeron grandiflorus","Asteraceae",24,"Erigeron",1557,56427,2.75931734807805,163,"C","Erigeron",FALSE,"Erigeron"
"Cynoglossum amplifolium","Boraginaceae",24,"Cynoglossum",1242,56427,2.20107395395821,163,"B","Cynoglossum officinale",FALSE,"Cynoglossum officinale"
"Cynoglossum amplifolium","Boraginaceae",24,"Cynoglossum",1242,56427,2.20107395395821,163,"B","Cynoglossum officinale",FALSE,"Cynoglossum officinale"
"Populus alba","Salicaceae",24,"Populus",1191,56427,2.11069169014833,163,"B","Populus angustifolia",TRUE,"Salix"
"Taraxacum officinale","Asteraceae",24,"Taraxacum",1102,56427,1.95296577879384,163,"B","Taraxacum campylodes",FALSE,"Taraxacum campylodes"
"Epilobium canum","Onagraceae",24,"Epilobium",806,56427,1.42839420844631,163,"C","Epilobium",FALSE,"Epilobium"
"Hydrophyllum canadense","Hydrophyllaceae",24,"Hydrophyllum",735,56427,1.30256791961295,163,"C","Hydrophyllum",FALSE,"Hydrophyllum"
"Cirsium parryi","Asteraceae",24,"Cirsium",705,56427,1.24940188207773,163,"C","Cirsium",FALSE,"Cirsium"
"Delphinium gracile","Ranunculaceae",24,"Delphinium",610,56427,1.08104276321619,163,"C","Delphinium",FALSE,"Delphinium"
"Mertensia fusiformis","Boraginaceae",24,"Mertensia",574,56427,1.01724351817392,163,"C","Mertensia",FALSE,"Mertensia"
"Hydrophyllum canadense","Hydrophyllaceae",25,"Hydrophyllum",91457,141707,64.5395075754903,163,"C","Hydrophyllum",FALSE,"Hydrophyllum"
"Hydrophyllum fendleri","Hydrophyllaceae",25,"Hydrophyllum",35190,141707,24.8329299187761,163,"A","Hydrophyllum fendleri",FALSE,"Hydrophyllum fendleri"
"Lathyrus lanszwertii","Fabaceae",25,"Lathyrus",2731,141707,1.92721601614599,163,"A","Lathyrus lanszwertii",FALSE,"Lathyrus lanszwertii"
"Nemophila menziesii","Boraginaceae",25,"Nemophila",1441,141707,1.01688695688992,163,"B","Nemophila breviflora",FALSE,"Nemophila breviflora"
"Symphyotrichum foliaceum","Asteraceae",25,"Symphyotrichum",1051,141707,0.741671194789248,163,"B","Symphyotrichum eatonii",FALSE,"Symphyotrichum eatonii"
"Taraxacum officinale","Asteraceae",25,"Taraxacum",910,141707,0.642170111568236,163,"B","Taraxacum campylodes",FALSE,"Taraxacum campylodes"
"Hydrophyllum capitatum","Hydrophyllaceae",25,"Hydrophyllum",810,141707,0.571601967439858,163,"A","Hydrophyllum capitatum",FALSE,"Hydrophyllum capitatum"
"Cynoglossum amplifolium","Boraginaceae",25,"Cynoglossum",747,141707,0.52714403663898,163,"B","Cynoglossum officinale",FALSE,"Cynoglossum officinale"
"Cynoglossum amplifolium","Boraginaceae",25,"Cynoglossum",747,141707,0.52714403663898,163,"B","Cynoglossum officinale",FALSE,"Cynoglossum officinale"
"Populus alba","Salicaceae",25,"Populus",662,141707,0.46716111412986,163,"B","Populus angustifolia",TRUE,"Salix"
"Erigeron grandiflorus","Asteraceae",25,"Erigeron",597,141707,0.421291820446414,163,"C","Erigeron",FALSE,"Erigeron"
"Mertensia fusiformis","Boraginaceae",25,"Mertensia",582,141707,0.410706598827157,163,"C","Mertensia",FALSE,"Mertensia"
"Mertensia ciliata","Boraginaceae",25,"Mertensia",419,141707,0.295680523897902,163,"X","Mertensia ciliata",FALSE,"Mertensia ciliata"
"Lupinus argenteus","Fabaceae",25,"Lupinus",407,141707,0.287212346602497,163,"C","Lupinus",FALSE,"Lupinus"
"Chamaenerion angustifolium","Onagraceae",25,"Chamaenerion",379,141707,0.267453266246551,163,"E","Onagraceae",FALSE,"Onagraceae"
"Cirsium parryi","Asteraceae",25,"Cirsium",339,141707,0.2392260085952,163,"C","Cirsium",FALSE,"Cirsium"
"Delphinium barbeyi","Ranunculaceae",26,"Delphinium",43284,96996,44.6245205987876,165,"C","Delphinium",FALSE,"Delphinium"
"Delphinium nuttallianum","Ranunculaceae",26,"Delphinium",27134,96996,27.9743494577096,165,"A","Delphinium nuttallianum",FALSE,"Delphinium nuttallianum"
"Delphinium gracile","Ranunculaceae",26,"Delphinium",12847,96996,13.244876077364,165,"C","Delphinium",FALSE,"Delphinium"
"Hydrophyllum canadense","Hydrophyllaceae",26,"Hydrophyllum",1544,96996,1.59181821930801,165,"C","Hydrophyllum",FALSE,"Hydrophyllum"
"Trollius europaeus","Ranunculaceae",26,"Trollius",1452,96996,1.49696894717308,165,"C","Trollius",FALSE,"Trollius"
"Caltha palustris","Ranunculaceae",26,"Caltha",862,96996,0.888696441090354,165,"B","Caltha leptosepala",FALSE,"Caltha leptosepala"
"Thalictrum tuberosum","Ranunculaceae",26,"Thalictrum",783,96996,0.807249783496227,165,"C","Thalictrum",FALSE,"Thalictrum"
"Aquilegia ecalcarata","Ranunculaceae",26,"Aquilegia",697,96996,0.71858633345705,165,"C","Aquilegia",FALSE,"Aquilegia"
"Dasiphora fruticosa","Rosaceae",26,"Dasiphora",478,96996,0.492803826961937,165,"A","Dasiphora fruticosa",FALSE,"Dasiphora fruticosa"
"Taraxacum officinale","Asteraceae",26,"Taraxacum",429,96996,0.442286279846592,165,"B","Taraxacum campylodes",FALSE,"Taraxacum campylodes"
"Hydrophyllum fendleri","Hydrophyllaceae",26,"Hydrophyllum",426,96996,0.439193368798713,165,"A","Hydrophyllum fendleri",FALSE,"Hydrophyllum fendleri"
"Lupinus sericeus","Fabaceae",26,"Lupinus",419,96996,0.431976576353664,165,"A","Lupinus sericeus",FALSE,"Lupinus sericeus"
"Thalictrum thalictroides","Ranunculaceae",26,"Thalictrum",409,96996,0.421666872860737,165,"C","Thalictrum",FALSE,"Thalictrum"
"Erigeron grandiflorus","Asteraceae",26,"Erigeron",342,96996,0.352591859458122,165,"C","Erigeron",FALSE,"Erigeron"
"Agastache pallidiflora","Lamiaceae",26,"Agastache",328,96996,0.338158274568023,165,"E","Lamiaceae",FALSE,"Lamiaceae"
"Delphinium barbeyi","Ranunculaceae",27,"Delphinium",72446,166655,43.4706429450061,166,"C","Delphinium",FALSE,"Delphinium"
"Delphinium nuttallianum","Ranunculaceae",27,"Delphinium",48259,166655,28.9574270198914,166,"A","Delphinium nuttallianum",FALSE,"Delphinium nuttallianum"
"Delphinium gracile","Ranunculaceae",27,"Delphinium",24639,166655,14.7844349104437,166,"C","Delphinium",FALSE,"Delphinium"
"Symphyotrichum foliaceum","Asteraceae",27,"Symphyotrichum",2995,166655,1.79712579880592,166,"B","Symphyotrichum eatonii",FALSE,"Symphyotrichum eatonii"
"Trollius europaeus","Ranunculaceae",27,"Trollius",2473,166655,1.48390387327113,166,"C","Trollius",FALSE,"Trollius"
"Caltha palustris","Ranunculaceae",27,"Caltha",1676,166655,1.00567039692778,166,"B","Caltha leptosepala",FALSE,"Caltha leptosepala"
"Thalictrum tuberosum","Ranunculaceae",27,"Thalictrum",1316,166655,0.789655275869311,166,"C","Thalictrum",FALSE,"Thalictrum"
"Aquilegia ecalcarata","Ranunculaceae",27,"Aquilegia",1118,166655,0.67084695928715,166,"C","Aquilegia",FALSE,"Aquilegia"
"Thalictrum thalictroides","Ranunculaceae",27,"Thalictrum",950,166655,0.570039902793195,166,"C","Thalictrum",FALSE,"Thalictrum"
"Viola odorata","Violaceae",27,"Viola",770,166655,0.462032342263958,166,"C","Viola",FALSE,"Viola"
"Dasiphora fruticosa","Rosaceae",27,"Dasiphora",627,166655,0.376226335843509,166,"A","Dasiphora fruticosa",FALSE,"Dasiphora fruticosa"
"Cynoglossum amplifolium","Boraginaceae",27,"Cynoglossum",470,166655,0.282019741381897,166,"B","Cynoglossum officinale",FALSE,"Cynoglossum officinale"
"Cynoglossum amplifolium","Boraginaceae",27,"Cynoglossum",470,166655,0.282019741381897,166,"B","Cynoglossum officinale",FALSE,"Cynoglossum officinale"
"Helianthella quinquenervis","Asteraceae",27,"Helianthella",439,166655,0.26341843929075,166,"B","Helianthella parryi",FALSE,"Helianthella parryi"
"Arenaria globiflora","Caryophyllaceae",27,"Arenaria",416,166655,0.249617473223126,166,"B","Arenaria congesta",FALSE,"Arenaria congesta"
"Anemone chinensis","Ranunculaceae",27,"Anemone",411,166655,0.246617263208425,166,"C","Anemone",FALSE,"Anemone"
"Aquilegia ecalcarata","Ranunculaceae",28,"Aquilegia",355254,704500,50.4264017033357,166,"C","Aquilegia",FALSE,"Aquilegia"
"Lupinus argenteus","Fabaceae",28,"Lupinus",108419,704500,15.3894960965224,166,"X","Lupinus argenteus",FALSE,"Lupinus argenteus"
"Hydrophyllum canadense","Hydrophyllaceae",28,"Hydrophyllum",82143,704500,11.6597586941093,166,"C","Hydrophyllum",FALSE,"Hydrophyllum"
"Lupinus sericeus","Fabaceae",28,"Lupinus",49951,704500,7.0902767920511,166,"A","Lupinus sericeus",FALSE,"Lupinus sericeus"
"Hydrophyllum fendleri","Hydrophyllaceae",28,"Hydrophyllum",18924,704500,2.686160397445,166,"A","Hydrophyllum fendleri",FALSE,"Hydrophyllum fendleri"
"Vicia americana","Fabaceae",28,"Vicia",16652,704500,2.36366217175302,166,"A","Vicia americana",FALSE,"Vicia americana"
"Taraxacum officinale","Asteraceae",28,"Taraxacum",10436,704500,1.48133427963094,166,"B","Taraxacum campylodes",FALSE,"Taraxacum campylodes"
"Thalictrum tuberosum","Ranunculaceae",28,"Thalictrum",6261,704500,0.888715400993612,166,"C","Thalictrum",FALSE,"Thalictrum"
"Viola odorata","Violaceae",28,"Viola",5856,704500,0.831227821149752,166,"C","Viola",FALSE,"Viola"
"Thalictrum thalictroides","Ranunculaceae",28,"Thalictrum",5006,704500,0.710574875798439,166,"C","Thalictrum",FALSE,"Thalictrum"
"Delphinium barbeyi","Ranunculaceae",28,"Delphinium",4630,704500,0.657203690560681,166,"C","Delphinium",FALSE,"Delphinium"
"Mertensia ciliata","Boraginaceae",28,"Mertensia",3791,704500,0.538112136266856,166,"A","Mertensia ciliata",FALSE,"Mertensia ciliata"
"Delphinium nuttallianum","Ranunculaceae",28,"Delphinium",3273,704500,0.46458481192335,166,"A","Delphinium nuttallianum",FALSE,"Delphinium nuttallianum"
"Erigeron grandiflorus","Asteraceae",28,"Erigeron",2861,704500,0.40610361958836,166,"C","Erigeron",FALSE,"Erigeron"
"Symphyotrichum foliaceum","Asteraceae",28,"Symphyotrichum",2380,704500,0.337828246983676,166,"B","Symphyotrichum eatonii",FALSE,"Symphyotrichum eatonii"
"Mertensia fusiformis","Boraginaceae",29,"Mertensia",155213,465275,33.3594111009618,166,"C","Mertensia",FALSE,"Mertensia"
"Mertensia ciliata","Boraginaceae",29,"Mertensia",110749,465275,23.8029122561926,166,"A","Mertensia ciliata",FALSE,"Mertensia ciliata"
"Lupinus argenteus","Fabaceae",29,"Lupinus",91466,465275,19.6584815431734,166,"X","Lupinus argenteus",FALSE,"Lupinus argenteus"
"Cynoglossum pringlei","Boraginaceae",29,"Cynoglossum",22166,465275,4.76406426307023,166,"B","Cynoglossum officinale",FALSE,"Cynoglossum officinale"
"Cynoglossum pringlei","Boraginaceae",29,"Cynoglossum",22166,465275,4.76406426307023,166,"B","Cynoglossum officinale",FALSE,"Cynoglossum officinale"
"Erigeron grandiflorus","Asteraceae",29,"Erigeron",14804,465275,3.18177421954758,166,"C","Erigeron",FALSE,"Erigeron"
"Cynoglossum anchusoides","Boraginaceae",29,"Cynoglossum",13465,465275,2.89398742679061,166,"B","Cynoglossum officinale",FALSE,"Cynoglossum officinale"
"Cynoglossum anchusoides","Boraginaceae",29,"Cynoglossum",13465,465275,2.89398742679061,166,"B","Cynoglossum officinale",FALSE,"Cynoglossum officinale"
"Cynoglossum amplifolium","Boraginaceae",29,"Cynoglossum",11075,465275,2.38031271828489,166,"B","Cynoglossum officinale",FALSE,"Cynoglossum officinale"
"Cynoglossum amplifolium","Boraginaceae",29,"Cynoglossum",11075,465275,2.38031271828489,166,"B","Cynoglossum officinale",FALSE,"Cynoglossum officinale"
"Hydrophyllum canadense","Hydrophyllaceae",29,"Hydrophyllum",9011,465275,1.93670409972597,166,"C","Hydrophyllum",FALSE,"Hydrophyllum"
"Viola odorata","Violaceae",29,"Viola",6725,465275,1.44538176347321,166,"C","Viola",FALSE,"Viola"
"Lithophragma parviflorum","Saxifragaceae",29,"Lithophragma",4939,465275,1.06152275535973,166,"B","Lithophragma glabrum",FALSE,"Lithophragma glabrum"
"Hydrophyllum fendleri","Hydrophyllaceae",29,"Hydrophyllum",4659,465275,1.00134329160174,166,"A","Hydrophyllum fendleri",FALSE,"Hydrophyllum fendleri"
"Campanula rotundifolia","Campanulaceae",29,"Campanula",4227,465275,0.908494976089409,166,"F","Campanula rotundifolia",FALSE,"Campanula rotundifolia"
"Taraxacum officinale","Asteraceae",29,"Taraxacum",3189,465275,0.68540110687228,166,"B","Taraxacum campylodes",FALSE,"Taraxacum campylodes"
"Lupinus sericeus","Fabaceae",29,"Lupinus",1830,465275,0.393315780989737,166,"A","Lupinus sericeus",FALSE,"Lupinus sericeus"
"Epilobium canum","Onagraceae",29,"Epilobium",1222,465275,0.262640373972382,166,"C","Epilobium",FALSE,"Epilobium"
"Delphinium barbeyi","Ranunculaceae",30,"Delphinium",19980,64883,30.7938905414361,155,"C","Delphinium",FALSE,"Delphinium"
"Delphinium nuttallianum","Ranunculaceae",30,"Delphinium",15563,64883,23.9862521769955,155,"A","Delphinium nuttallianum",FALSE,"Delphinium nuttallianum"
"Delphinium gracile","Ranunculaceae",30,"Delphinium",4772,64883,7.35477706024691,155,"C","Delphinium",FALSE,"Delphinium"
"Arenaria globiflora","Caryophyllaceae",30,"Arenaria",2036,64883,3.13795601313133,155,"B","Arenaria congesta",FALSE,"Arenaria congesta"
"Mertensia fusiformis","Boraginaceae",30,"Mertensia",2007,64883,3.09326017600912,155,"C","Mertensia",FALSE,"Mertensia"
"Holodiscus argenteus","Rosaceae",30,"Holodiscus",1577,64883,2.43052879799023,155,"B","Holodiscus dumosus",FALSE,"Holodiscus dumosus"
"Scabrethia scabra","Asteraceae",30,"Scabrethia",1445,64883,2.22708567729606,155,"A","Scabrethia scabra",FALSE,"Scabrethia scabra"
"Scabrethia scabra","Asteraceae",30,"Scabrethia",1445,64883,2.22708567729606,155,"F","Scabrethia scabra",FALSE,"Scabrethia scabra"
"Sagina procumbens","Caryophyllaceae",30,"Sagina",1343,64883,2.06987962948692,155,"E","Caryophyllaceae",FALSE,"Caryophyllaceae"
"Rhodiola rosea","Crassulaceae",30,"Rhodiola",1053,64883,1.62292125826488,155,"F","Rhodiola rosea",FALSE,"Rhodiola rosea"
"Geum ternatum","Rosaceae",30,"Geum",974,64883,1.50116363300094,155,"C","Geum",FALSE,"Geum"
"Mertensia ciliata","Boraginaceae",30,"Mertensia",955,64883,1.47188015350708,155,"X","Mertensia ciliata",FALSE,"Mertensia ciliata"
"Epilobium canum","Onagraceae",30,"Epilobium",898,64883,1.38402971502551,155,"C","Epilobium",FALSE,"Epilobium"
"Minuartia recurva","Caryophyllaceae",30,"Minuartia",696,64883,1.07270009093291,155,"E","Caryophyllaceae",FALSE,"Caryophyllaceae"
"Minuartia recurva","Caryophyllaceae",30,"Minuartia",696,64883,1.07270009093291,155,"F","Minuartia recurva",FALSE,"Minuartia recurva"
"Erigeron grandiflorus","Asteraceae",30,"Erigeron",663,64883,1.02183931075937,155,"C","Erigeron",FALSE,"Erigeron"
"Lupinus argenteus","Fabaceae",30,"Lupinus",646,64883,0.995638302791178,155,"C","Lupinus",FALSE,"Lupinus"
"Mertensia ciliata","Boraginaceae",31,"Mertensia",48329,113944,42.4146949378642,201,"A","Mertensia ciliata",FALSE,"Mertensia ciliata"
"Mertensia fusiformis","Boraginaceae",31,"Mertensia",25975,113944,22.7962858948255,201,"C","Mertensia",FALSE,"Mertensia"
"Hydrophyllum fendleri","Hydrophyllaceae",31,"Hydrophyllum",11728,113944,10.2927753984413,201,"A","Hydrophyllum fendleri",FALSE,"Hydrophyllum fendleri"
"Lupinus argenteus","Fabaceae",31,"Lupinus",5472,113944,4.80235905357017,201,"A","Lupinus argenteus",FALSE,"Lupinus argenteus"
"Erigeron grandiflorus","Asteraceae",31,"Erigeron",3974,113944,3.4876781576915,201,"C","Erigeron",FALSE,"Erigeron"
"Epilobium canum","Onagraceae",31,"Epilobium",3260,113944,2.86105455311381,201,"C","Epilobium",FALSE,"Epilobium"
"Hydrophyllum canadense","Hydrophyllaceae",31,"Hydrophyllum",2346,113944,2.05890612932669,201,"C","Hydrophyllum",FALSE,"Hydrophyllum"
"Lupinus sericeus","Fabaceae",31,"Lupinus",1910,113944,1.67626202345012,201,"A","Lupinus sericeus",FALSE,"Lupinus sericeus"
"Taraxacum officinale","Asteraceae",31,"Taraxacum",1334,113944,1.17075054412694,201,"B","Taraxacum campylodes",FALSE,"Taraxacum campylodes"
"Cynoglossum pringlei","Boraginaceae",31,"Cynoglossum",861,113944,0.755634346696623,201,"B","Cynoglossum officinale",FALSE,"Cynoglossum officinale"
"Cynoglossum pringlei","Boraginaceae",31,"Cynoglossum",861,113944,0.755634346696623,201,"B","Cynoglossum officinale",FALSE,"Cynoglossum officinale"
"Cirsium parryi","Asteraceae",31,"Cirsium",838,113944,0.735448992487538,201,"C","Cirsium",FALSE,"Cirsium"
"Symphyotrichum foliaceum","Asteraceae",31,"Symphyotrichum",808,113944,0.709120269606122,201,"X","Symphyotrichum foliaceum",FALSE,"Symphyotrichum foliaceum"
"Cynoglossum anchusoides","Boraginaceae",31,"Cynoglossum",673,113944,0.590641016639753,201,"B","Cynoglossum officinale",FALSE,"Cynoglossum officinale"
"Cynoglossum anchusoides","Boraginaceae",31,"Cynoglossum",673,113944,0.590641016639753,201,"B","Cynoglossum officinale",FALSE,"Cynoglossum officinale"
"Agastache pallidiflora","Lamiaceae",31,"Agastache",662,113944,0.580987151583234,201,"B","Agastache urticifolia",FALSE,"Agastache urticifolia"
"Cynoglossum amplifolium","Boraginaceae",31,"Cynoglossum",617,113944,0.541494067261111,201,"B","Cynoglossum officinale",FALSE,"Cynoglossum officinale"
"Cynoglossum amplifolium","Boraginaceae",31,"Cynoglossum",617,113944,0.541494067261111,201,"B","Cynoglossum officinale",FALSE,"Cynoglossum officinale"
"Delphinium barbeyi","Ranunculaceae",32,"Delphinium",49565,215463,23.0039496340439,170,"C","Delphinium",FALSE,"Delphinium"
"Mertensia ciliata","Boraginaceae",32,"Mertensia",47165,215463,21.8900692926396,170,"A","Mertensia ciliata",FALSE,"Mertensia ciliata"
"Delphinium nuttallianum","Ranunculaceae",32,"Delphinium",33866,215463,15.7177798508329,170,"A","Delphinium nuttallianum",FALSE,"Delphinium nuttallianum"
"Mertensia fusiformis","Boraginaceae",32,"Mertensia",26976,215463,12.5200150373846,170,"C","Mertensia",FALSE,"Mertensia"
"Delphinium gracile","Ranunculaceae",32,"Delphinium",12683,215463,5.88639348751294,170,"C","Delphinium",FALSE,"Delphinium"
"Epilobium canum","Onagraceae",32,"Epilobium",6733,215463,3.12489847444805,170,"C","Epilobium",FALSE,"Epilobium"
"Lupinus argenteus","Fabaceae",32,"Lupinus",5601,215463,2.59951824675234,170,"X","Lupinus argenteus",FALSE,"Lupinus argenteus"
"Erigeron grandiflorus","Asteraceae",32,"Erigeron",4438,215463,2.05975039798016,170,"C","Erigeron",FALSE,"Erigeron"
"Lupinus sericeus","Fabaceae",32,"Lupinus",2207,215463,1.02430579728306,170,"A","Lupinus sericeus",FALSE,"Lupinus sericeus"
"Taraxacum officinale","Asteraceae",32,"Taraxacum",1458,215463,0.676682307403127,170,"B","Taraxacum campylodes",FALSE,"Taraxacum campylodes"
"Trollius europaeus","Ranunculaceae",32,"Trollius",1434,215463,0.665543503989084,170,"C","Trollius",FALSE,"Trollius"
"Pseudognaphalium attenuatum","Asteraceae",32,"Pseudognaphalium",1360,215463,0.631198860129117,170,"B","Pseudognaphalium macounii",FALSE,"Pseudognaphalium macounii"
"Cirsium parryi","Asteraceae",32,"Cirsium",1273,215463,0.590820697753211,170,"C","Cirsium",FALSE,"Cirsium"
"Cynoglossum pringlei","Boraginaceae",32,"Cynoglossum",1211,215463,0.562045455600266,170,"B","Cynoglossum officinale",FALSE,"Cynoglossum officinale"
"Cynoglossum pringlei","Boraginaceae",32,"Cynoglossum",1211,215463,0.562045455600266,170,"B","Cynoglossum officinale",FALSE,"Cynoglossum officinale"
"Caltha palustris","Ranunculaceae",32,"Caltha",1041,215463,0.483145598084126,170,"B","Caltha leptosepala",FALSE,"Caltha leptosepala"
"Populus alba","Salicaceae",33,"Populus",23,96,23.9583333333333,166,"B","Populus angustifolia",TRUE,"Salix"
"Lupinus argenteus","Fabaceae",33,"Lupinus",14,96,14.5833333333333,166,"X","Lupinus argenteus",FALSE,"Lupinus argenteus"
"Hydrophyllum fendleri","Hydrophyllaceae",33,"Hydrophyllum",9,96,9.375,166,"A","Hydrophyllum fendleri",FALSE,"Hydrophyllum fendleri"
"Mertensia ciliata","Boraginaceae",33,"Mertensia",8,96,8.33333333333333,166,"A","Mertensia ciliata",FALSE,"Mertensia ciliata"
"Erigeron grandiflorus","Asteraceae",33,"Erigeron",7,96,7.29166666666667,166,"C","Erigeron",FALSE,"Erigeron"
"Odontostemma leucasterium","Caryophyllaceae",33,"Odontostemma",7,96,7.29166666666667,166,"E","Caryophyllaceae",TRUE,"Pseudostellaria jamesiana"
"Odontostemma leucasterium","Caryophyllaceae",33,"Odontostemma",7,96,7.29166666666667,166,"F","Odontostemma leucasterium",TRUE,"Pseudostellaria jamesiana"
"Symphyotrichum foliaceum","Asteraceae",33,"Symphyotrichum",3,96,3.125,166,"B","Symphyotrichum eatonii",FALSE,"Symphyotrichum eatonii"
"Taraxacum officinale","Asteraceae",33,"Taraxacum",3,96,3.125,166,"B","Taraxacum campylodes",FALSE,"Taraxacum campylodes"
"Mertensia fusiformis","Boraginaceae",33,"Mertensia",3,96,3.125,166,"C","Mertensia",FALSE,"Mertensia"
"Agastache pallidiflora","Lamiaceae",33,"Agastache",3,96,3.125,166,"E","Lamiaceae",FALSE,"Lamiaceae"
"Heterotheca villosa","Asteraceae",33,"Heterotheca",3,96,3.125,166,"E","Asteraceae",FALSE,"Asteraceae"
"Lupinus sericeus","Fabaceae",33,"Lupinus",2,96,2.08333333333333,166,"A","Lupinus sericeus",FALSE,"Lupinus sericeus"
"Hydrophyllum canadense","Hydrophyllaceae",33,"Hydrophyllum",2,96,2.08333333333333,166,"C","Hydrophyllum",FALSE,"Hydrophyllum"
"Cynoglossum pringlei","Boraginaceae",33,"Cynoglossum",1,96,1.04166666666667,166,"B","Cynoglossum officinale",FALSE,"Cynoglossum officinale"
"Cynoglossum pringlei","Boraginaceae",33,"Cynoglossum",1,96,1.04166666666667,166,"B","Cynoglossum officinale",FALSE,"Cynoglossum officinale"
"Delphinium barbeyi","Ranunculaceae",33,"Delphinium",1,96,1.04166666666667,166,"C","Delphinium",FALSE,"Delphinium"
"Populus alba","Salicaceae",34,"Populus",697843,865021,80.6735327812851,169,"B","Populus angustifolia",TRUE,"Salix"
"Mertensia fusiformis","Boraginaceae",34,"Mertensia",50588,865021,5.84818172044378,169,"C","Mertensia",FALSE,"Mertensia"
"Mertensia ciliata","Boraginaceae",34,"Mertensia",19883,865021,2.29855691364718,169,"A","Mertensia ciliata",FALSE,"Mertensia ciliata"
"Lupinus argenteus","Fabaceae",34,"Lupinus",16336,865021,1.88850906509784,169,"X","Lupinus argenteus",FALSE,"Lupinus argenteus"
"Hydrophyllum canadense","Hydrophyllaceae",34,"Hydrophyllum",12924,865021,1.49406777407716,169,"C","Hydrophyllum",FALSE,"Hydrophyllum"
"Hydrophyllum fendleri","Hydrophyllaceae",34,"Hydrophyllum",8129,865021,0.939745971485085,169,"A","Hydrophyllum fendleri",FALSE,"Hydrophyllum fendleri"
"Erigeron grandiflorus","Asteraceae",34,"Erigeron",4293,865021,0.496288529411425,169,"C","Erigeron",FALSE,"Erigeron"
"Cynoglossum pringlei","Boraginaceae",34,"Cynoglossum",3826,865021,0.442301400775241,169,"B","Cynoglossum officinale",FALSE,"Cynoglossum officinale"
"Cynoglossum pringlei","Boraginaceae",34,"Cynoglossum",3826,865021,0.442301400775241,169,"B","Cynoglossum officinale",FALSE,"Cynoglossum officinale"
"Cynoglossum anchusoides","Boraginaceae",34,"Cynoglossum",2699,865021,0.312015546443381,169,"B","Cynoglossum officinale",FALSE,"Cynoglossum officinale"
"Cynoglossum anchusoides","Boraginaceae",34,"Cynoglossum",2699,865021,0.312015546443381,169,"B","Cynoglossum officinale",FALSE,"Cynoglossum officinale"
"Cynoglossum amplifolium","Boraginaceae",34,"Cynoglossum",2506,865021,0.289703949383888,169,"B","Cynoglossum officinale",FALSE,"Cynoglossum officinale"
"Cynoglossum amplifolium","Boraginaceae",34,"Cynoglossum",2506,865021,0.289703949383888,169,"B","Cynoglossum officinale",FALSE,"Cynoglossum officinale"
"Lupinus sericeus","Fabaceae",34,"Lupinus",2355,865021,0.272247725777756,169,"A","Lupinus sericeus",FALSE,"Lupinus sericeus"
"Epilobium canum","Onagraceae",34,"Epilobium",2084,865021,0.240919006590591,169,"C","Epilobium",FALSE,"Epilobium"
"Taraxacum officinale","Asteraceae",34,"Taraxacum",2031,865021,0.234791987708969,169,"B","Taraxacum campylodes",FALSE,"Taraxacum campylodes"
"Arenaria globiflora","Caryophyllaceae",34,"Arenaria",1872,865021,0.216410931064101,169,"B","Arenaria congesta",FALSE,"Arenaria congesta"
"Symphyotrichum foliaceum","Asteraceae",34,"Symphyotrichum",1620,865021,0.187278690343934,169,"B","Symphyotrichum eatonii",FALSE,"Symphyotrichum eatonii"
"Delphinium barbeyi","Ranunculaceae",35,"Delphinium",29330,51626,56.8124588385697,170,"C","Delphinium",FALSE,"Delphinium"
"Delphinium nuttallianum","Ranunculaceae",35,"Delphinium",9025,51626,17.4815015689769,170,"A","Delphinium nuttallianum",FALSE,"Delphinium nuttallianum"
"Delphinium gracile","Ranunculaceae",35,"Delphinium",4484,51626,8.68554604269167,170,"C","Delphinium",FALSE,"Delphinium"
"Viola odorata","Violaceae",35,"Viola",3948,51626,7.64730949521559,170,"C","Viola",FALSE,"Viola"
"Lithophragma parviflorum","Saxifragaceae",35,"Lithophragma",452,51626,0.875527834811917,170,"B","Lithophragma glabrum",FALSE,"Lithophragma glabrum"
"Arenaria globiflora","Caryophyllaceae",35,"Arenaria",432,51626,0.836787665129973,170,"B","Arenaria congesta",FALSE,"Arenaria congesta"
"Trollius europaeus","Ranunculaceae",35,"Trollius",384,51626,0.74381125789331,170,"C","Trollius",FALSE,"Trollius"
"Vicia americana","Fabaceae",35,"Vicia",364,51626,0.705071088211366,170,"A","Vicia americana",FALSE,"Vicia americana"
"Caltha palustris","Ranunculaceae",35,"Caltha",278,51626,0.538488358579011,170,"B","Caltha leptosepala",FALSE,"Caltha leptosepala"
"Aquilegia ecalcarata","Ranunculaceae",35,"Aquilegia",194,51626,0.375779645914849,170,"C","Aquilegia",FALSE,"Aquilegia"
"Epilobium canum","Onagraceae",35,"Epilobium",181,51626,0.350598535621586,170,"C","Epilobium",FALSE,"Epilobium"
"Thalictrum thalictroides","Ranunculaceae",35,"Thalictrum",175,51626,0.338976484717003,170,"C","Thalictrum",FALSE,"Thalictrum"
"Erigeron grandiflorus","Asteraceae",35,"Erigeron",157,51626,0.304110332003254,170,"C","Erigeron",FALSE,"Erigeron"
"Thalictrum tuberosum","Ranunculaceae",35,"Thalictrum",141,51626,0.2731181962577,170,"C","Thalictrum",FALSE,"Thalictrum"
"Cynoglossum amplifolium","Boraginaceae",35,"Cynoglossum",140,51626,0.271181187773602,170,"B","Cynoglossum officinale",FALSE,"Cynoglossum officinale"
"Cynoglossum amplifolium","Boraginaceae",35,"Cynoglossum",140,51626,0.271181187773602,170,"B","Cynoglossum officinale",FALSE,"Cynoglossum officinale"
"Delphinium barbeyi","Ranunculaceae",36,"Delphinium",25209,51748,48.714926180722,173,"X","Delphinium barbeyi",FALSE,"Delphinium barbeyi"
"Delphinium nuttallianum","Ranunculaceae",36,"Delphinium",11957,51748,23.1062070031692,173,"A","Delphinium nuttallianum",FALSE,"Delphinium nuttallianum"
"Delphinium gracile","Ranunculaceae",36,"Delphinium",5578,51748,10.7791605472675,173,"C","Delphinium",FALSE,"Delphinium"
"Viola odorata","Violaceae",36,"Viola",3341,51748,6.45628816572621,173,"C","Viola",FALSE,"Viola"
"Lithophragma parviflorum","Saxifragaceae",36,"Lithophragma",556,51748,1.07443765942645,173,"B","Lithophragma glabrum",FALSE,"Lithophragma glabrum"
"Trollius europaeus","Ranunculaceae",36,"Trollius",453,51748,0.875396150575868,173,"C","Trollius",FALSE,"Trollius"
"Caltha palustris","Ranunculaceae",36,"Caltha",413,51748,0.798098477235835,173,"B","Caltha leptosepala",FALSE,"Caltha leptosepala"
"Helianthella quinquenervis","Asteraceae",36,"Helianthella",309,51748,0.597124526551751,173,"B","Helianthella parryi",FALSE,"Helianthella parryi"
"Dasiphora fruticosa","Rosaceae",36,"Dasiphora",282,51748,0.544948597047229,173,"A","Dasiphora fruticosa",FALSE,"Dasiphora fruticosa"
"Aquilegia ecalcarata","Ranunculaceae",36,"Aquilegia",238,51748,0.459921156373193,173,"C","Aquilegia",FALSE,"Aquilegia"
"Thalictrum tuberosum","Ranunculaceae",36,"Thalictrum",222,51748,0.42900208703718,173,"C","Thalictrum",FALSE,"Thalictrum"
"Arenaria globiflora","Caryophyllaceae",36,"Arenaria",216,51748,0.417407436036175,173,"B","Arenaria congesta",FALSE,"Arenaria congesta"
"Cynoglossum amplifolium","Boraginaceae",36,"Cynoglossum",208,51748,0.401947901368169,173,"B","Cynoglossum officinale",FALSE,"Cynoglossum officinale"
"Cynoglossum amplifolium","Boraginaceae",36,"Cynoglossum",208,51748,0.401947901368169,173,"B","Cynoglossum officinale",FALSE,"Cynoglossum officinale"
"Thalictrum thalictroides","Ranunculaceae",36,"Thalictrum",196,51748,0.378758599366159,173,"C","Thalictrum",FALSE,"Thalictrum"
"Anemone chinensis","Ranunculaceae",36,"Anemone",139,51748,0.268609414856613,173,"C","Anemone",FALSE,"Anemone"
"Lupinus argenteus","Fabaceae",37,"Lupinus",45605,128442,35.5062985627754,162,"C","Lupinus",FALSE,"Lupinus"
"Lupinus sericeus","Fabaceae",37,"Lupinus",27384,128442,21.3201289297893,162,"A","Lupinus sericeus",FALSE,"Lupinus sericeus"
"Mertensia ciliata","Boraginaceae",37,"Mertensia",10263,128442,7.99037697949269,162,"X","Mertensia ciliata",FALSE,"Mertensia ciliata"
"Arenaria globiflora","Caryophyllaceae",37,"Arenaria",3315,128442,2.58093147101415,162,"B","Arenaria congesta",FALSE,"Arenaria congesta"
"Delphinium barbeyi","Ranunculaceae",37,"Delphinium",2890,128442,2.25004282088413,162,"C","Delphinium",FALSE,"Delphinium"
"Scabrethia scabra","Asteraceae",37,"Scabrethia",2815,128442,2.19165070615531,162,"A","Scabrethia scabra",FALSE,"Scabrethia scabra"
"Scabrethia scabra","Asteraceae",37,"Scabrethia",2815,128442,2.19165070615531,162,"F","Scabrethia scabra",FALSE,"Scabrethia scabra"
"Mertensia fusiformis","Boraginaceae",37,"Mertensia",2674,128442,2.08187353046511,162,"C","Mertensia",FALSE,"Mertensia"
"Delphinium nuttallianum","Ranunculaceae",37,"Delphinium",2632,128442,2.04917394621697,162,"A","Delphinium nuttallianum",FALSE,"Delphinium nuttallianum"
"Erigeron grandiflorus","Asteraceae",37,"Erigeron",2504,128442,1.9495180704131,162,"C","Erigeron",FALSE,"Erigeron"
"Holodiscus argenteus","Rosaceae",37,"Holodiscus",2138,128442,1.66456455053643,162,"B","Holodiscus dumosus",FALSE,"Holodiscus dumosus"
"Sagina procumbens","Caryophyllaceae",37,"Sagina",1727,128442,1.34457576182246,162,"E","Caryophyllaceae",FALSE,"Caryophyllaceae"
"Epilobium canum","Onagraceae",37,"Epilobium",1685,128442,1.31187617757431,162,"C","Epilobium",FALSE,"Epilobium"
"Rhodiola rosea","Crassulaceae",37,"Rhodiola",1603,128442,1.24803413213746,162,"F","Rhodiola rosea",FALSE,"Rhodiola rosea"
"Hydrophyllum canadense","Hydrophyllaceae",37,"Hydrophyllum",1557,128442,1.21222030177045,162,"C","Hydrophyllum",FALSE,"Hydrophyllum"
"Agastache pallidiflora","Lamiaceae",37,"Agastache",1553,128442,1.20910605565158,162,"E","Lamiaceae",FALSE,"Lamiaceae"
"Mertensia fusiformis","Boraginaceae",39,"Mertensia",171249,459295,37.285187080199,169,"C","Mertensia",FALSE,"Mertensia"
"Lupinus argenteus","Fabaceae",39,"Lupinus",69708,459295,15.1771737118845,169,"X","Lupinus argenteus",FALSE,"Lupinus argenteus"
"Mertensia ciliata","Boraginaceae",39,"Mertensia",50459,459295,10.9861853492853,169,"A","Mertensia ciliata",FALSE,"Mertensia ciliata"
"Delphinium barbeyi","Ranunculaceae",39,"Delphinium",38965,459295,8.4836542962584,169,"C","Delphinium",FALSE,"Delphinium"
"Delphinium nuttallianum","Ranunculaceae",39,"Delphinium",23212,459295,5.05383250416399,169,"A","Delphinium nuttallianum",FALSE,"Delphinium nuttallianum"
"Hydrophyllum canadense","Hydrophyllaceae",39,"Hydrophyllum",19350,459295,4.21297858674708,169,"C","Hydrophyllum",FALSE,"Hydrophyllum"
"Cynoglossum pringlei","Boraginaceae",39,"Cynoglossum",15992,459295,3.481858065078,169,"B","Cynoglossum officinale",FALSE,"Cynoglossum officinale"
"Cynoglossum pringlei","Boraginaceae",39,"Cynoglossum",15992,459295,3.481858065078,169,"B","Cynoglossum officinale",FALSE,"Cynoglossum officinale"
"Cynoglossum anchusoides","Boraginaceae",39,"Cynoglossum",9915,459295,2.1587432913487,169,"B","Cynoglossum officinale",FALSE,"Cynoglossum officinale"
"Cynoglossum anchusoides","Boraginaceae",39,"Cynoglossum",9915,459295,2.1587432913487,169,"B","Cynoglossum officinale",FALSE,"Cynoglossum officinale"
"Delphinium gracile","Ranunculaceae",39,"Delphinium",9325,459295,2.03028554632644,169,"C","Delphinium",FALSE,"Delphinium"
"Cynoglossum amplifolium","Boraginaceae",39,"Cynoglossum",9098,459295,1.9808619732416,169,"B","Cynoglossum officinale",FALSE,"Cynoglossum officinale"
"Cynoglossum amplifolium","Boraginaceae",39,"Cynoglossum",9098,459295,1.9808619732416,169,"B","Cynoglossum officinale",FALSE,"Cynoglossum officinale"
"Lupinus sericeus","Fabaceae",39,"Lupinus",8490,459295,1.8484851783712,169,"A","Lupinus sericeus",FALSE,"Lupinus sericeus"
"Erigeron grandiflorus","Asteraceae",39,"Erigeron",7667,459295,1.66929751031472,169,"C","Erigeron",FALSE,"Erigeron"
"Hydrophyllum fendleri","Hydrophyllaceae",39,"Hydrophyllum",3358,459295,0.73112052166908,169,"A","Hydrophyllum fendleri",FALSE,"Hydrophyllum fendleri"
"Populus alba","Salicaceae",39,"Populus",2146,459295,0.467237831894534,169,"B","Populus angustifolia",TRUE,"Salix"
"Campanula rotundifolia","Campanulaceae",39,"Campanula",2022,459295,0.440239932940703,169,"F","Campanula rotundifolia",FALSE,"Campanula rotundifolia"
"Hydrophyllum canadense","Hydrophyllaceae",40,"Hydrophyllum",87597,238216,36.7720891963596,179,"C","Hydrophyllum",FALSE,"Hydrophyllum"
"Lupinus argenteus","Fabaceae",40,"Lupinus",73459,238216,30.8371394028949,179,"A","Lupinus argenteus",FALSE,"Lupinus argenteus"
"Lupinus sericeus","Fabaceae",40,"Lupinus",32940,238216,13.8277865466635,179,"A","Lupinus sericeus",FALSE,"Lupinus sericeus"
"Hydrophyllum fendleri","Hydrophyllaceae",40,"Hydrophyllum",21700,238216,9.10937972260469,179,"A","Hydrophyllum fendleri",FALSE,"Hydrophyllum fendleri"
"Mertensia ciliata","Boraginaceae",40,"Mertensia",2249,238216,0.944101151895758,179,"A","Mertensia ciliata",FALSE,"Mertensia ciliata"
"Lathyrus lanszwertii","Fabaceae",40,"Lathyrus",2179,238216,0.914716056016389,179,"A","Lathyrus lanszwertii",FALSE,"Lathyrus lanszwertii"
"Symphyotrichum foliaceum","Asteraceae",40,"Symphyotrichum",2024,238216,0.849649057997784,179,"B","Symphyotrichum eatonii",FALSE,"Symphyotrichum eatonii"
"Erigeron grandiflorus","Asteraceae",40,"Erigeron",1934,238216,0.811868220438594,179,"C","Erigeron",FALSE,"Erigeron"
"Nemophila menziesii","Boraginaceae",40,"Nemophila",1522,238216,0.638915941834302,179,"B","Nemophila breviflora",FALSE,"Nemophila breviflora"
"Taraxacum officinale","Asteraceae",40,"Taraxacum",1142,238216,0.479396849917722,179,"B","Taraxacum campylodes",FALSE,"Taraxacum campylodes"
"Arenaria globiflora","Caryophyllaceae",40,"Arenaria",680,238216,0.28545521711388,179,"B","Arenaria congesta",FALSE,"Arenaria congesta"
"Agastache pallidiflora","Lamiaceae",40,"Agastache",588,238216,0.246834805386708,179,"B","Agastache urticifolia",FALSE,"Agastache urticifolia"
"Mertensia fusiformis","Boraginaceae",40,"Mertensia",546,238216,0.229203747859086,179,"C","Mertensia",FALSE,"Mertensia"
"Hydrophyllum capitatum","Hydrophyllaceae",40,"Hydrophyllum",528,238216,0.221647580347248,179,"A","Hydrophyllum capitatum",FALSE,"Hydrophyllum capitatum"
"Scabrethia scabra","Asteraceae",40,"Scabrethia",413,238216,0.173372065688283,179,"A","Scabrethia scabra",FALSE,"Scabrethia scabra"
"Scabrethia scabra","Asteraceae",40,"Scabrethia",413,238216,0.173372065688283,179,"F","Scabrethia scabra",FALSE,"Scabrethia scabra"
"Delphinium barbeyi","Ranunculaceae",41,"Delphinium",28089,67309,41.7314177895972,179,"X","Delphinium barbeyi",FALSE,"Delphinium barbeyi"
"Delphinium nuttallianum","Ranunculaceae",41,"Delphinium",18261,67309,27.1301014723143,179,"A","Delphinium nuttallianum",FALSE,"Delphinium nuttallianum"
"Delphinium gracile","Ranunculaceae",41,"Delphinium",8231,67309,12.2286766999955,179,"C","Delphinium",FALSE,"Delphinium"
"Symphyotrichum foliaceum","Asteraceae",41,"Symphyotrichum",3684,67309,5.47326509084966,179,"B","Symphyotrichum eatonii",FALSE,"Symphyotrichum eatonii"
"Trollius europaeus","Ranunculaceae",41,"Trollius",751,67309,1.11574975114769,179,"C","Trollius",FALSE,"Trollius"
"Caltha palustris","Ranunculaceae",41,"Caltha",720,67309,1.06969350309765,179,"B","Caltha leptosepala",FALSE,"Caltha leptosepala"
"Thalictrum tuberosum","Ranunculaceae",41,"Thalictrum",452,67309,0.671529810277972,179,"C","Thalictrum",FALSE,"Thalictrum"
"Aquilegia ecalcarata","Ranunculaceae",41,"Aquilegia",441,67309,0.655187270647313,179,"C","Aquilegia",FALSE,"Aquilegia"
"Dasiphora fruticosa","Rosaceae",41,"Dasiphora",438,67309,0.650730214384406,179,"A","Dasiphora fruticosa",FALSE,"Dasiphora fruticosa"
"Hydrophyllum capitatum","Hydrophyllaceae",41,"Hydrophyllum",405,67309,0.60170259549243,179,"A","Hydrophyllum capitatum",FALSE,"Hydrophyllum capitatum"
"Hydrophyllum canadense","Hydrophyllaceae",41,"Hydrophyllum",368,67309,0.546732234916579,179,"C","Hydrophyllum",FALSE,"Hydrophyllum"
"Lupinus sericeus","Fabaceae",41,"Lupinus",349,67309,0.518504211918168,179,"A","Lupinus sericeus",FALSE,"Lupinus sericeus"
"Erigeron grandiflorus","Asteraceae",41,"Erigeron",323,67309,0.479876390972975,179,"C","Erigeron",FALSE,"Erigeron"
"Taraxacum officinale","Asteraceae",41,"Taraxacum",312,67309,0.463533851342317,179,"B","Taraxacum campylodes",FALSE,"Taraxacum campylodes"
"Thalictrum thalictroides","Ranunculaceae",41,"Thalictrum",301,67309,0.447191311711658,179,"C","Thalictrum",FALSE,"Thalictrum"
"Lupinus argenteus","Fabaceae",42,"Lupinus",66600,203085,32.7941502326612,165,"X","Lupinus argenteus",FALSE,"Lupinus argenteus"
"Hydrophyllum canadense","Hydrophyllaceae",42,"Hydrophyllum",52450,203085,25.8266243198661,165,"C","Hydrophyllum",FALSE,"Hydrophyllum"
"Lupinus sericeus","Fabaceae",42,"Lupinus",33638,203085,16.5635078907846,165,"A","Lupinus sericeus",FALSE,"Lupinus sericeus"
"Hydrophyllum fendleri","Hydrophyllaceae",42,"Hydrophyllum",26463,203085,13.0305044685723,165,"A","Hydrophyllum fendleri",FALSE,"Hydrophyllum fendleri"
"Mertensia ciliata","Boraginaceae",42,"Mertensia",6834,203085,3.36509343378388,165,"A","Mertensia ciliata",FALSE,"Mertensia ciliata"
"Aquilegia ecalcarata","Ranunculaceae",42,"Aquilegia",2031,203085,1.00007386069872,165,"C","Aquilegia",FALSE,"Aquilegia"
"Erigeron grandiflorus","Asteraceae",42,"Erigeron",1778,203085,0.875495482187262,165,"C","Erigeron",FALSE,"Erigeron"
"Lathyrus lanszwertii","Fabaceae",42,"Lathyrus",1517,203085,0.746977866410616,165,"A","Lathyrus lanszwertii",FALSE,"Lathyrus lanszwertii"
"Viola odorata","Violaceae",42,"Viola",1034,203085,0.5091464165251,165,"C","Viola",FALSE,"Viola"
"Hydrophyllum capitatum","Hydrophyllaceae",42,"Hydrophyllum",888,203085,0.437255336435483,165,"A","Hydrophyllum capitatum",FALSE,"Hydrophyllum capitatum"
"Nemophila menziesii","Boraginaceae",42,"Nemophila",869,203085,0.427899647930669,165,"B","Nemophila breviflora",FALSE,"Nemophila breviflora"
"Taraxacum officinale","Asteraceae",42,"Taraxacum",845,203085,0.416081936135116,165,"B","Taraxacum campylodes",FALSE,"Taraxacum campylodes"
"Symphyotrichum foliaceum","Asteraceae",42,"Symphyotrichum",805,203085,0.396385749809193,165,"B","Symphyotrichum eatonii",FALSE,"Symphyotrichum eatonii"
"Vicia americana","Fabaceae",42,"Vicia",423,203085,0.208287170396632,165,"A","Vicia americana",FALSE,"Vicia americana"
"Cynoglossum amplifolium","Boraginaceae",42,"Cynoglossum",401,203085,0.197454267917375,165,"B","Cynoglossum officinale",FALSE,"Cynoglossum officinale"
"Cynoglossum amplifolium","Boraginaceae",42,"Cynoglossum",401,203085,0.197454267917375,165,"B","Cynoglossum officinale",FALSE,"Cynoglossum officinale"
"Mertensia ciliata","Boraginaceae",43,"Mertensia",45750,128021,35.7363245092602,171,"A","Mertensia ciliata",FALSE,"Mertensia ciliata"
"Mertensia fusiformis","Boraginaceae",43,"Mertensia",25958,128021,20.2763609095383,171,"C","Mertensia",FALSE,"Mertensia"
"Hydrophyllum fendleri","Hydrophyllaceae",43,"Hydrophyllum",10493,128021,8.19631154263753,171,"A","Hydrophyllum fendleri",FALSE,"Hydrophyllum fendleri"
"Viola odorata","Violaceae",43,"Viola",9929,128021,7.75575882081846,171,"C","Viola",FALSE,"Viola"
"Lupinus argenteus","Fabaceae",43,"Lupinus",5251,128021,4.10167081963115,171,"X","Lupinus argenteus",FALSE,"Lupinus argenteus"
"Erigeron grandiflorus","Asteraceae",43,"Erigeron",4136,128021,3.23071996000656,171,"C","Erigeron",FALSE,"Erigeron"
"Cynoglossum amplifolium","Boraginaceae",43,"Cynoglossum",3913,128021,3.05652978808164,171,"B","Cynoglossum officinale",FALSE,"Cynoglossum officinale"
"Cynoglossum amplifolium","Boraginaceae",43,"Cynoglossum",3913,128021,3.05652978808164,171,"B","Cynoglossum officinale",FALSE,"Cynoglossum officinale"
"Populus alba","Salicaceae",43,"Populus",2929,128021,2.28790589043985,171,"B","Populus angustifolia",TRUE,"Salix"
"Hydrophyllum canadense","Hydrophyllaceae",43,"Hydrophyllum",1937,128021,1.51303301802048,171,"C","Hydrophyllum",FALSE,"Hydrophyllum"
"Lupinus sericeus","Fabaceae",43,"Lupinus",1854,128021,1.44819990470313,171,"A","Lupinus sericeus",FALSE,"Lupinus sericeus"
"Taraxacum officinale","Asteraceae",43,"Taraxacum",1564,128021,1.22167456901602,171,"B","Taraxacum campylodes",FALSE,"Taraxacum campylodes"
"Symphyotrichum foliaceum","Asteraceae",43,"Symphyotrichum",1317,128021,1.02873747275838,171,"B","Symphyotrichum eatonii",FALSE,"Symphyotrichum eatonii"
"Ribes rubrum","Grossulariaceae",43,"Ribes",1301,128021,1.01623952320322,171,"C","Ribes",FALSE,"Ribes"
"Epilobium canum","Onagraceae",43,"Epilobium",1259,128021,0.983432405620953,171,"C","Epilobium",FALSE,"Epilobium"
"Lithophragma parviflorum","Saxifragaceae",43,"Lithophragma",1111,128021,0.867826372235805,171,"B","Lithophragma glabrum",FALSE,"Lithophragma glabrum"
"Delphinium barbeyi","Ranunculaceae",44,"Delphinium",29693,80891,36.7074210975263,181,"X","Delphinium barbeyi",FALSE,"Delphinium barbeyi"
"Delphinium nuttallianum","Ranunculaceae",44,"Delphinium",19805,80891,24.48356430258,181,"A","Delphinium nuttallianum",FALSE,"Delphinium nuttallianum"
"Hydrophyllum capitatum","Hydrophyllaceae",44,"Hydrophyllum",10287,80891,12.7171131522666,181,"A","Hydrophyllum capitatum",FALSE,"Hydrophyllum capitatum"
"Delphinium gracile","Ranunculaceae",44,"Delphinium",8956,80891,11.0716890630602,181,"C","Delphinium",FALSE,"Delphinium"
"Vicia americana","Fabaceae",44,"Vicia",3501,80891,4.32804638340483,181,"A","Vicia americana",FALSE,"Vicia americana"
"Hydrophyllum canadense","Hydrophyllaceae",44,"Hydrophyllum",1335,80891,1.65036901509439,181,"C","Hydrophyllum",FALSE,"Hydrophyllum"
"Symphyotrichum foliaceum","Asteraceae",44,"Symphyotrichum",902,80891,1.11508078772669,181,"B","Symphyotrichum eatonii",FALSE,"Symphyotrichum eatonii"
"Trollius europaeus","Ranunculaceae",44,"Trollius",775,80891,0.958079390785131,181,"C","Trollius",FALSE,"Trollius"
"Caltha palustris","Ranunculaceae",44,"Caltha",699,80891,0.864125798914589,181,"B","Caltha leptosepala",FALSE,"Caltha leptosepala"
"Thalictrum tuberosum","Ranunculaceae",44,"Thalictrum",476,80891,0.588446180662867,181,"C","Thalictrum",FALSE,"Thalictrum"
"Aquilegia ecalcarata","Ranunculaceae",44,"Aquilegia",335,80891,0.414137543113573,181,"C","Aquilegia",FALSE,"Aquilegia"
"Thalictrum thalictroides","Ranunculaceae",44,"Thalictrum",290,80891,0.358507126874436,181,"C","Thalictrum",FALSE,"Thalictrum"
"Hydrophyllum fendleri","Hydrophyllaceae",44,"Hydrophyllum",271,80891,0.335018728906801,181,"A","Hydrophyllum fendleri",FALSE,"Hydrophyllum fendleri"
"Dasiphora fruticosa","Rosaceae",44,"Dasiphora",243,80891,0.300404247691338,181,"A","Dasiphora fruticosa",FALSE,"Dasiphora fruticosa"
"Arenaria globiflora","Caryophyllaceae",44,"Arenaria",202,80891,0.249718757340124,181,"B","Arenaria congesta",FALSE,"Arenaria congesta"
