"event","metric","DOY","taxon","sample_size","frst_hrb","lst_hrb","est_duration"
"estimate","onset",158,"Allium cernuum",15,190,231,77
"estimate","tenth",178,"Allium cernuum",15,190,231,77
"estimate","fifty",206,"Allium cernuum",15,190,231,77
"estimate","ninety",222,"Allium cernuum",15,190,231,77
"estimate","end",235,"Allium cernuum",15,190,231,77
"low_ci","onset",148,"Allium cernuum",15,190,231,77
"low_ci","tenth",177,"Allium cernuum",15,190,231,77
"low_ci","fifty",200,"Allium cernuum",15,190,231,77
"low_ci","ninety",215,"Allium cernuum",15,190,231,77
"low_ci","end",218,"Allium cernuum",15,190,231,77
"high_ci","onset",173,"Allium cernuum",15,190,231,77
"high_ci","tenth",191,"Allium cernuum",15,190,231,77
"high_ci","fifty",211,"Allium cernuum",15,190,231,77
"high_ci","ninety",229,"Allium cernuum",15,190,231,77
"high_ci","end",241,"Allium cernuum",15,190,231,77
"estimate","onset",70,"Amelanchier utahensis",11,153,272,207
"estimate","tenth",118,"Amelanchier utahensis",11,153,272,207
"estimate","fifty",188,"Amelanchier utahensis",11,153,272,207
"estimate","ninety",247,"Amelanchier utahensis",11,153,272,207
"estimate","end",277,"Amelanchier utahensis",11,153,272,207
"low_ci","onset",59,"Amelanchier utahensis",11,153,272,207
"low_ci","tenth",108,"Amelanchier utahensis",11,153,272,207
"low_ci","fifty",170,"Amelanchier utahensis",11,153,272,207
"low_ci","ninety",202,"Amelanchier utahensis",11,153,272,207
"low_ci","end",221,"Amelanchier utahensis",11,153,272,207
"high_ci","onset",111,"Amelanchier utahensis",11,153,272,207
"high_ci","tenth",148,"Amelanchier utahensis",11,153,272,207
"high_ci","fifty",213,"Amelanchier utahensis",11,153,272,207
"high_ci","ninety",274,"Amelanchier utahensis",11,153,272,207
"high_ci","end",305,"Amelanchier utahensis",11,153,272,207
"estimate","onset",150,"Angelica ampla",10,191,237,93
"estimate","tenth",186,"Angelica ampla",10,191,237,93
"estimate","fifty",215,"Angelica ampla",10,191,237,93
"estimate","ninety",232,"Angelica ampla",10,191,237,93
"estimate","end",243,"Angelica ampla",10,191,237,93
"low_ci","onset",142,"Angelica ampla",10,191,237,93
"low_ci","tenth",175,"Angelica ampla",10,191,237,93
"low_ci","fifty",204,"Angelica ampla",10,191,237,93
"low_ci","ninety",218,"Angelica ampla",10,191,237,93
"low_ci","end",225,"Angelica ampla",10,191,237,93
"high_ci","onset",180,"Angelica ampla",10,191,237,93
"high_ci","tenth",199,"Angelica ampla",10,191,237,93
"high_ci","fifty",221,"Angelica ampla",10,191,237,93
"high_ci","ninety",239,"Angelica ampla",10,191,237,93
"high_ci","end",252,"Angelica ampla",10,191,237,93
"estimate","onset",143,"Apocynum androsaemifolium",13,180,219,81
"estimate","tenth",176,"Apocynum androsaemifolium",13,180,219,81
"estimate","fifty",199,"Apocynum androsaemifolium",13,180,219,81
"estimate","ninety",215,"Apocynum androsaemifolium",13,180,219,81
"estimate","end",224,"Apocynum androsaemifolium",13,180,219,81
"low_ci","onset",141,"Apocynum androsaemifolium",13,180,219,81
"low_ci","tenth",168,"Apocynum androsaemifolium",13,180,219,81
"low_ci","fifty",192,"Apocynum androsaemifolium",13,180,219,81
"low_ci","ninety",206,"Apocynum androsaemifolium",13,180,219,81
"low_ci","end",212,"Apocynum androsaemifolium",13,180,219,81
"high_ci","onset",166,"Apocynum androsaemifolium",13,180,219,81
"high_ci","tenth",188,"Apocynum androsaemifolium",13,180,219,81
"high_ci","fifty",205,"Apocynum androsaemifolium",13,180,219,81
"high_ci","ninety",221,"Apocynum androsaemifolium",13,180,219,81
"high_ci","end",230,"Apocynum androsaemifolium",13,180,219,81
"estimate","onset",121,"Aquilegia barnebyi",12,156,215,98
"estimate","tenth",153,"Aquilegia barnebyi",12,156,215,98
"estimate","fifty",184,"Aquilegia barnebyi",12,156,215,98
"estimate","ninety",204,"Aquilegia barnebyi",12,156,215,98
"estimate","end",219,"Aquilegia barnebyi",12,156,215,98
"low_ci","onset",111,"Aquilegia barnebyi",12,156,215,98
"low_ci","tenth",145,"Aquilegia barnebyi",12,156,215,98
"low_ci","fifty",176,"Aquilegia barnebyi",12,156,215,98
"low_ci","ninety",189,"Aquilegia barnebyi",12,156,215,98
"low_ci","end",195,"Aquilegia barnebyi",12,156,215,98
"high_ci","onset",150,"Aquilegia barnebyi",12,156,215,98
"high_ci","tenth",167,"Aquilegia barnebyi",12,156,215,98
"high_ci","fifty",194,"Aquilegia barnebyi",12,156,215,98
"high_ci","ninety",216,"Aquilegia barnebyi",12,156,215,98
"high_ci","end",232,"Aquilegia barnebyi",12,156,215,98
"estimate","onset",171,"Astragalus tenellus",21,184,231,64
"estimate","tenth",191,"Astragalus tenellus",21,184,231,64
"estimate","fifty",213,"Astragalus tenellus",21,184,231,64
"estimate","ninety",228,"Astragalus tenellus",21,184,231,64
"estimate","end",235,"Astragalus tenellus",21,184,231,64
"low_ci","onset",155,"Astragalus tenellus",21,184,231,64
"low_ci","tenth",180,"Astragalus tenellus",21,184,231,64
"low_ci","fifty",206,"Astragalus tenellus",21,184,231,64
"low_ci","ninety",223,"Astragalus tenellus",21,184,231,64
"low_ci","end",230,"Astragalus tenellus",21,184,231,64
"high_ci","onset",181,"Astragalus tenellus",21,184,231,64
"high_ci","tenth",200,"Astragalus tenellus",21,184,231,64
"high_ci","fifty",217,"Astragalus tenellus",21,184,231,64
"high_ci","ninety",230,"Astragalus tenellus",21,184,231,64
"high_ci","end",240,"Astragalus tenellus",21,184,231,64
"estimate","onset",178,"Chenopodium atrovirens",11,203,240,69
"estimate","tenth",207,"Chenopodium atrovirens",11,203,240,69
"estimate","fifty",225,"Chenopodium atrovirens",11,203,240,69
"estimate","ninety",238,"Chenopodium atrovirens",11,203,240,69
"estimate","end",247,"Chenopodium atrovirens",11,203,240,69
"low_ci","onset",173,"Chenopodium atrovirens",11,203,240,69
"low_ci","tenth",198,"Chenopodium atrovirens",11,203,240,69
"low_ci","fifty",218,"Chenopodium atrovirens",11,203,240,69
"low_ci","ninety",228,"Chenopodium atrovirens",11,203,240,69
"low_ci","end",235,"Chenopodium atrovirens",11,203,240,69
"high_ci","onset",199,"Chenopodium atrovirens",11,203,240,69
"high_ci","tenth",216,"Chenopodium atrovirens",11,203,240,69
"high_ci","fifty",230,"Chenopodium atrovirens",11,203,240,69
"high_ci","ninety",242,"Chenopodium atrovirens",11,203,240,69
"high_ci","end",250,"Chenopodium atrovirens",11,203,240,69
"estimate","onset",123,"Collinsia parviflora",11,151,176,53
"estimate","tenth",143,"Collinsia parviflora",11,151,176,53
"estimate","fifty",156,"Collinsia parviflora",11,151,176,53
"estimate","ninety",170,"Collinsia parviflora",11,151,176,53
"estimate","end",176,"Collinsia parviflora",11,151,176,53
"low_ci","onset",120,"Collinsia parviflora",11,151,176,53
"low_ci","tenth",140,"Collinsia parviflora",11,151,176,53
"low_ci","fifty",156,"Collinsia parviflora",11,151,176,53
"low_ci","ninety",160,"Collinsia parviflora",11,151,176,53
"low_ci","end",163,"Collinsia parviflora",11,151,176,53
"high_ci","onset",144,"Collinsia parviflora",11,151,176,53
"high_ci","tenth",151,"Collinsia parviflora",11,151,176,53
"high_ci","fifty",163,"Collinsia parviflora",11,151,176,53
"high_ci","ninety",175,"Collinsia parviflora",11,151,176,53
"high_ci","end",183,"Collinsia parviflora",11,151,176,53
"estimate","onset",143,"Epilobium brachycarpum",15,174,261,123
"estimate","tenth",185,"Epilobium brachycarpum",15,174,261,123
"estimate","fifty",221,"Epilobium brachycarpum",15,174,261,123
"estimate","ninety",255,"Epilobium brachycarpum",15,174,261,123
"estimate","end",266,"Epilobium brachycarpum",15,174,261,123
"low_ci","onset",124,"Epilobium brachycarpum",15,174,261,123
"low_ci","tenth",169,"Epilobium brachycarpum",15,174,261,123
"low_ci","fifty",212,"Epilobium brachycarpum",15,174,261,123
"low_ci","ninety",238,"Epilobium brachycarpum",15,174,261,123
"low_ci","end",248,"Epilobium brachycarpum",15,174,261,123
"high_ci","onset",174,"Epilobium brachycarpum",15,174,261,123
"high_ci","tenth",207,"Epilobium brachycarpum",15,174,261,123
"high_ci","fifty",234,"Epilobium brachycarpum",15,174,261,123
"high_ci","ninety",261,"Epilobium brachycarpum",15,174,261,123
"high_ci","end",279,"Epilobium brachycarpum",15,174,261,123
"estimate","onset",183,"Ericameria nauseosa",16,209,248,67
"estimate","tenth",205,"Ericameria nauseosa",16,209,248,67
"estimate","fifty",226,"Ericameria nauseosa",16,209,248,67
"estimate","ninety",241,"Ericameria nauseosa",16,209,248,67
"estimate","end",250,"Ericameria nauseosa",16,209,248,67
"low_ci","onset",173,"Ericameria nauseosa",16,209,248,67
"low_ci","tenth",199,"Ericameria nauseosa",16,209,248,67
"low_ci","fifty",222,"Ericameria nauseosa",16,209,248,67
"low_ci","ninety",234,"Ericameria nauseosa",16,209,248,67
"low_ci","end",239,"Ericameria nauseosa",16,209,248,67
"high_ci","onset",198,"Ericameria nauseosa",16,209,248,67
"high_ci","tenth",216,"Ericameria nauseosa",16,209,248,67
"high_ci","fifty",232,"Ericameria nauseosa",16,209,248,67
"high_ci","ninety",246,"Ericameria nauseosa",16,209,248,67
"high_ci","end",255,"Ericameria nauseosa",16,209,248,67
"estimate","onset",183,"Ericameria parryi",10,199,237,62
"estimate","tenth",203,"Ericameria parryi",10,199,237,62
"estimate","fifty",226,"Ericameria parryi",10,199,237,62
"estimate","ninety",238,"Ericameria parryi",10,199,237,62
"estimate","end",245,"Ericameria parryi",10,199,237,62
"low_ci","onset",163,"Ericameria parryi",10,199,237,62
"low_ci","tenth",191,"Ericameria parryi",10,199,237,62
"low_ci","fifty",215,"Ericameria parryi",10,199,237,62
"low_ci","ninety",232,"Ericameria parryi",10,199,237,62
"low_ci","end",239,"Ericameria parryi",10,199,237,62
"high_ci","onset",205,"Ericameria parryi",10,199,237,62
"high_ci","tenth",216,"Ericameria parryi",10,199,237,62
"high_ci","fifty",230,"Ericameria parryi",10,199,237,62
"high_ci","ninety",241,"Ericameria parryi",10,199,237,62
"high_ci","end",250,"Ericameria parryi",10,199,237,62
"estimate","onset",131,"Erigeron eatonii",11,155,179,52
"estimate","tenth",149,"Erigeron eatonii",11,155,179,52
"estimate","fifty",167,"Erigeron eatonii",11,155,179,52
"estimate","ninety",178,"Erigeron eatonii",11,155,179,52
"estimate","end",183,"Erigeron eatonii",11,155,179,52
"low_ci","onset",126,"Erigeron eatonii",11,155,179,52
"low_ci","tenth",145,"Erigeron eatonii",11,155,179,52
"low_ci","fifty",162,"Erigeron eatonii",11,155,179,52
"low_ci","ninety",171,"Erigeron eatonii",11,155,179,52
"low_ci","end",177,"Erigeron eatonii",11,155,179,52
"high_ci","onset",143,"Erigeron eatonii",11,155,179,52
"high_ci","tenth",158,"Erigeron eatonii",11,155,179,52
"high_ci","fifty",171,"Erigeron eatonii",11,155,179,52
"high_ci","ninety",181,"Erigeron eatonii",11,155,179,52
"high_ci","end",188,"Erigeron eatonii",11,155,179,52
"estimate","onset",154,"Erigeron glabellus",11,164,220,73
"estimate","tenth",173,"Erigeron glabellus",11,164,220,73
"estimate","fifty",198,"Erigeron glabellus",11,164,220,73
"estimate","ninety",214,"Erigeron glabellus",11,164,220,73
"estimate","end",227,"Erigeron glabellus",11,164,220,73
"low_ci","onset",133,"Erigeron glabellus",11,164,220,73
"low_ci","tenth",165,"Erigeron glabellus",11,164,220,73
"low_ci","fifty",192,"Erigeron glabellus",11,164,220,73
"low_ci","ninety",206,"Erigeron glabellus",11,164,220,73
"low_ci","end",212,"Erigeron glabellus",11,164,220,73
"high_ci","onset",174,"Erigeron glabellus",11,164,220,73
"high_ci","tenth",192,"Erigeron glabellus",11,164,220,73
"high_ci","fifty",206,"Erigeron glabellus",11,164,220,73
"high_ci","ninety",221,"Erigeron glabellus",11,164,220,73
"high_ci","end",232,"Erigeron glabellus",11,164,220,73
"estimate","onset",166,"Eriogonum coloradense",10,187,227,70
"estimate","tenth",190,"Eriogonum coloradense",10,187,227,70
"estimate","fifty",217,"Eriogonum coloradense",10,187,227,70
"estimate","ninety",228,"Eriogonum coloradense",10,187,227,70
"estimate","end",236,"Eriogonum coloradense",10,187,227,70
"low_ci","onset",152,"Eriogonum coloradense",10,187,227,70
"low_ci","tenth",180,"Eriogonum coloradense",10,187,227,70
"low_ci","fifty",204,"Eriogonum coloradense",10,187,227,70
"low_ci","ninety",221,"Eriogonum coloradense",10,187,227,70
"low_ci","end",228,"Eriogonum coloradense",10,187,227,70
"high_ci","onset",195,"Eriogonum coloradense",10,187,227,70
"high_ci","tenth",208,"Eriogonum coloradense",10,187,227,70
"high_ci","fifty",220,"Eriogonum coloradense",10,187,227,70
"high_ci","ninety",230,"Eriogonum coloradense",10,187,227,70
"high_ci","end",241,"Eriogonum coloradense",10,187,227,70
"estimate","onset",130,"Fragaria vesca",10,156,207,85
"estimate","tenth",161,"Fragaria vesca",10,156,207,85
"estimate","fifty",184,"Fragaria vesca",10,156,207,85
"estimate","ninety",204,"Fragaria vesca",10,156,207,85
"estimate","end",215,"Fragaria vesca",10,156,207,85
"low_ci","onset",114,"Fragaria vesca",10,156,207,85
"low_ci","tenth",143,"Fragaria vesca",10,156,207,85
"low_ci","fifty",175,"Fragaria vesca",10,156,207,85
"low_ci","ninety",191,"Fragaria vesca",10,156,207,85
"low_ci","end",201,"Fragaria vesca",10,156,207,85
"high_ci","onset",151,"Fragaria vesca",10,156,207,85
"high_ci","tenth",171,"Fragaria vesca",10,156,207,85
"high_ci","fifty",192,"Fragaria vesca",10,156,207,85
"high_ci","ninety",210,"Fragaria vesca",10,156,207,85
"high_ci","end",222,"Fragaria vesca",10,156,207,85
"estimate","onset",149,"Galium triflorum",15,172,236,95
"estimate","tenth",180,"Galium triflorum",15,172,236,95
"estimate","fifty",210,"Galium triflorum",15,172,236,95
"estimate","ninety",230,"Galium triflorum",15,172,236,95
"estimate","end",244,"Galium triflorum",15,172,236,95
"low_ci","onset",128,"Galium triflorum",15,172,236,95
"low_ci","tenth",164,"Galium triflorum",15,172,236,95
"low_ci","fifty",198,"Galium triflorum",15,172,236,95
"low_ci","ninety",219,"Galium triflorum",15,172,236,95
"low_ci","end",231,"Galium triflorum",15,172,236,95
"high_ci","onset",173,"Galium triflorum",15,172,236,95
"high_ci","tenth",193,"Galium triflorum",15,172,236,95
"high_ci","fifty",215,"Galium triflorum",15,172,236,95
"high_ci","ninety",237,"Galium triflorum",15,172,236,95
"high_ci","end",250,"Galium triflorum",15,172,236,95
"estimate","onset",133,"Gayophytum diffusum",15,159,224,101
"estimate","tenth",171,"Gayophytum diffusum",15,159,224,101
"estimate","fifty",199,"Gayophytum diffusum",15,159,224,101
"estimate","ninety",226,"Gayophytum diffusum",15,159,224,101
"estimate","end",234,"Gayophytum diffusum",15,159,224,101
"low_ci","onset",112,"Gayophytum diffusum",15,159,224,101
"low_ci","tenth",153,"Gayophytum diffusum",15,159,224,101
"low_ci","fifty",189,"Gayophytum diffusum",15,159,224,101
"low_ci","ninety",216,"Gayophytum diffusum",15,159,224,101
"low_ci","end",230,"Gayophytum diffusum",15,159,224,101
"high_ci","onset",157,"Gayophytum diffusum",15,159,224,101
"high_ci","tenth",186,"Gayophytum diffusum",15,159,224,101
"high_ci","fifty",209,"Gayophytum diffusum",15,159,224,101
"high_ci","ninety",229,"Gayophytum diffusum",15,159,224,101
"high_ci","end",244,"Gayophytum diffusum",15,159,224,101
"estimate","onset",171,"Gentiana affinis",13,209,261,93
"estimate","tenth",205,"Gentiana affinis",13,209,261,93
"estimate","fifty",235,"Gentiana affinis",13,209,261,93
"estimate","ninety",258,"Gentiana affinis",13,209,261,93
"estimate","end",264,"Gentiana affinis",13,209,261,93
"low_ci","onset",157,"Gentiana affinis",13,209,261,93
"low_ci","tenth",195,"Gentiana affinis",13,209,261,93
"low_ci","fifty",226,"Gentiana affinis",13,209,261,93
"low_ci","ninety",236,"Gentiana affinis",13,209,261,93
"low_ci","end",241,"Gentiana affinis",13,209,261,93
"high_ci","onset",201,"Gentiana affinis",13,209,261,93
"high_ci","tenth",216,"Gentiana affinis",13,209,261,93
"high_ci","fifty",240,"Gentiana affinis",13,209,261,93
"high_ci","ninety",262,"Gentiana affinis",13,209,261,93
"high_ci","end",277,"Gentiana affinis",13,209,261,93
"estimate","onset",186,"Gentianella heterosepala",10,202,228,50
"estimate","tenth",201,"Gentianella heterosepala",10,202,228,50
"estimate","fifty",218,"Gentianella heterosepala",10,202,228,50
"estimate","ninety",230,"Gentianella heterosepala",10,202,228,50
"estimate","end",236,"Gentianella heterosepala",10,202,228,50
"low_ci","onset",173,"Gentianella heterosepala",10,202,228,50
"low_ci","tenth",194,"Gentianella heterosepala",10,202,228,50
"low_ci","fifty",213,"Gentianella heterosepala",10,202,228,50
"low_ci","ninety",224,"Gentianella heterosepala",10,202,228,50
"low_ci","end",230,"Gentianella heterosepala",10,202,228,50
"high_ci","onset",205,"Gentianella heterosepala",10,202,228,50
"high_ci","tenth",214,"Gentianella heterosepala",10,202,228,50
"high_ci","fifty",224,"Gentianella heterosepala",10,202,228,50
"high_ci","ninety",231,"Gentianella heterosepala",10,202,228,50
"high_ci","end",237,"Gentianella heterosepala",10,202,228,50
"estimate","onset",140,"Holodiscus dumosus",18,176,251,121
"estimate","tenth",173,"Holodiscus dumosus",18,176,251,121
"estimate","fifty",212,"Holodiscus dumosus",18,176,251,121
"estimate","ninety",242,"Holodiscus dumosus",18,176,251,121
"estimate","end",261,"Holodiscus dumosus",18,176,251,121
"low_ci","onset",125,"Holodiscus dumosus",18,176,251,121
"low_ci","tenth",167,"Holodiscus dumosus",18,176,251,121
"low_ci","fifty",206,"Holodiscus dumosus",18,176,251,121
"low_ci","ninety",230,"Holodiscus dumosus",18,176,251,121
"low_ci","end",242,"Holodiscus dumosus",18,176,251,121
"high_ci","onset",156,"Holodiscus dumosus",18,176,251,121
"high_ci","tenth",189,"Holodiscus dumosus",18,176,251,121
"high_ci","fifty",224,"Holodiscus dumosus",18,176,251,121
"high_ci","ninety",252,"Holodiscus dumosus",18,176,251,121
"high_ci","end",270,"Holodiscus dumosus",18,176,251,121
"estimate","onset",122,"Lathyrus lanszwertii",11,153,206,89
"estimate","tenth",151,"Lathyrus lanszwertii",11,153,206,89
"estimate","fifty",180,"Lathyrus lanszwertii",11,153,206,89
"estimate","ninety",196,"Lathyrus lanszwertii",11,153,206,89
"estimate","end",211,"Lathyrus lanszwertii",11,153,206,89
"low_ci","onset",110,"Lathyrus lanszwertii",11,153,206,89
"low_ci","tenth",141,"Lathyrus lanszwertii",11,153,206,89
"low_ci","fifty",170,"Lathyrus lanszwertii",11,153,206,89
"low_ci","ninety",186,"Lathyrus lanszwertii",11,153,206,89
"low_ci","end",192,"Lathyrus lanszwertii",11,153,206,89
"high_ci","onset",148,"Lathyrus lanszwertii",11,153,206,89
"high_ci","tenth",167,"Lathyrus lanszwertii",11,153,206,89
"high_ci","fifty",185,"Lathyrus lanszwertii",11,153,206,89
"high_ci","ninety",206,"Lathyrus lanszwertii",11,153,206,89
"high_ci","end",220,"Lathyrus lanszwertii",11,153,206,89
"estimate","onset",116,"Lepidium densiflorum",16,154,238,142
"estimate","tenth",162,"Lepidium densiflorum",16,154,238,142
"estimate","fifty",199,"Lepidium densiflorum",16,154,238,142
"estimate","ninety",232,"Lepidium densiflorum",16,154,238,142
"estimate","end",258,"Lepidium densiflorum",16,154,238,142
"low_ci","onset",104,"Lepidium densiflorum",16,154,238,142
"low_ci","tenth",145,"Lepidium densiflorum",16,154,238,142
"low_ci","fifty",190,"Lepidium densiflorum",16,154,238,142
"low_ci","ninety",217,"Lepidium densiflorum",16,154,238,142
"low_ci","end",234,"Lepidium densiflorum",16,154,238,142
"high_ci","onset",143,"Lepidium densiflorum",16,154,238,142
"high_ci","tenth",177,"Lepidium densiflorum",16,154,238,142
"high_ci","fifty",213,"Lepidium densiflorum",16,154,238,142
"high_ci","ninety",241,"Lepidium densiflorum",16,154,238,142
"high_ci","end",264,"Lepidium densiflorum",16,154,238,142
"estimate","onset",105,"Lepidium montanum",10,151,215,121
"estimate","tenth",151,"Lepidium montanum",10,151,215,121
"estimate","fifty",186,"Lepidium montanum",10,151,215,121
"estimate","ninety",214,"Lepidium montanum",10,151,215,121
"estimate","end",226,"Lepidium montanum",10,151,215,121
"low_ci","onset",98,"Lepidium montanum",10,151,215,121
"low_ci","tenth",138,"Lepidium montanum",10,151,215,121
"low_ci","fifty",171,"Lepidium montanum",10,151,215,121
"low_ci","ninety",187,"Lepidium montanum",10,151,215,121
"low_ci","end",192,"Lepidium montanum",10,151,215,121
"high_ci","onset",144,"Lepidium montanum",10,151,215,121
"high_ci","tenth",165,"Lepidium montanum",10,151,215,121
"high_ci","fifty",197,"Lepidium montanum",10,151,215,121
"high_ci","ninety",220,"Lepidium montanum",10,151,215,121
"high_ci","end",239,"Lepidium montanum",10,151,215,121
"estimate","onset",109,"Lomatium dissectum",11,154,221,122
"estimate","tenth",135,"Lomatium dissectum",11,154,221,122
"estimate","fifty",184,"Lomatium dissectum",11,154,221,122
"estimate","ninety",211,"Lomatium dissectum",11,154,221,122
"estimate","end",231,"Lomatium dissectum",11,154,221,122
"low_ci","onset",88,"Lomatium dissectum",11,154,221,122
"low_ci","tenth",129,"Lomatium dissectum",11,154,221,122
"low_ci","fifty",170,"Lomatium dissectum",11,154,221,122
"low_ci","ninety",193,"Lomatium dissectum",11,154,221,122
"low_ci","end",205,"Lomatium dissectum",11,154,221,122
"high_ci","onset",125,"Lomatium dissectum",11,154,221,122
"high_ci","tenth",160,"Lomatium dissectum",11,154,221,122
"high_ci","fifty",194,"Lomatium dissectum",11,154,221,122
"high_ci","ninety",225,"Lomatium dissectum",11,154,221,122
"high_ci","end",245,"Lomatium dissectum",11,154,221,122
"estimate","onset",125,"Lupinus caudatus",19,158,241,110
"estimate","tenth",154,"Lupinus caudatus",19,158,241,110
"estimate","fifty",191,"Lupinus caudatus",19,158,241,110
"estimate","ninety",218,"Lupinus caudatus",19,158,241,110
"estimate","end",235,"Lupinus caudatus",19,158,241,110
"low_ci","onset",105,"Lupinus caudatus",19,158,241,110
"low_ci","tenth",146,"Lupinus caudatus",19,158,241,110
"low_ci","fifty",185,"Lupinus caudatus",19,158,241,110
"low_ci","ninety",201,"Lupinus caudatus",19,158,241,110
"low_ci","end",209,"Lupinus caudatus",19,158,241,110
"high_ci","onset",151,"Lupinus caudatus",19,158,241,110
"high_ci","tenth",174,"Lupinus caudatus",19,158,241,110
"high_ci","fifty",199,"Lupinus caudatus",19,158,241,110
"high_ci","ninety",230,"Lupinus caudatus",19,158,241,110
"high_ci","end",252,"Lupinus caudatus",19,158,241,110
"estimate","onset",129,"Lupinus parviflorus",10,158,241,115
"estimate","tenth",166,"Lupinus parviflorus",10,158,241,115
"estimate","fifty",205,"Lupinus parviflorus",10,158,241,115
"estimate","ninety",230,"Lupinus parviflorus",10,158,241,115
"estimate","end",244,"Lupinus parviflorus",10,158,241,115
"low_ci","onset",109,"Lupinus parviflorus",10,158,241,115
"low_ci","tenth",150,"Lupinus parviflorus",10,158,241,115
"low_ci","fifty",190,"Lupinus parviflorus",10,158,241,115
"low_ci","ninety",211,"Lupinus parviflorus",10,158,241,115
"low_ci","end",221,"Lupinus parviflorus",10,158,241,115
"high_ci","onset",172,"Lupinus parviflorus",10,158,241,115
"high_ci","tenth",191,"Lupinus parviflorus",10,158,241,115
"high_ci","fifty",216,"Lupinus parviflorus",10,158,241,115
"high_ci","ninety",240,"Lupinus parviflorus",10,158,241,115
"high_ci","end",261,"Lupinus parviflorus",10,158,241,115
"estimate","onset",125,"Lupinus polyphyllus",12,151,190,72
"estimate","tenth",148,"Lupinus polyphyllus",12,151,190,72
"estimate","fifty",169,"Lupinus polyphyllus",12,151,190,72
"estimate","ninety",188,"Lupinus polyphyllus",12,151,190,72
"estimate","end",197,"Lupinus polyphyllus",12,151,190,72
"low_ci","onset",109,"Lupinus polyphyllus",12,151,190,72
"low_ci","tenth",138,"Lupinus polyphyllus",12,151,190,72
"low_ci","fifty",162,"Lupinus polyphyllus",12,151,190,72
"low_ci","ninety",177,"Lupinus polyphyllus",12,151,190,72
"low_ci","end",184,"Lupinus polyphyllus",12,151,190,72
"high_ci","onset",141,"Lupinus polyphyllus",12,151,190,72
"high_ci","tenth",160,"Lupinus polyphyllus",12,151,190,72
"high_ci","fifty",175,"Lupinus polyphyllus",12,151,190,72
"high_ci","ninety",191,"Lupinus polyphyllus",12,151,190,72
"high_ci","end",202,"Lupinus polyphyllus",12,151,190,72
"estimate","onset",128,"Mertensia franciscana",14,156,210,88
"estimate","tenth",155,"Mertensia franciscana",14,156,210,88
"estimate","fifty",179,"Mertensia franciscana",14,156,210,88
"estimate","ninety",201,"Mertensia franciscana",14,156,210,88
"estimate","end",216,"Mertensia franciscana",14,156,210,88
"low_ci","onset",108,"Mertensia franciscana",14,156,210,88
"low_ci","tenth",142,"Mertensia franciscana",14,156,210,88
"low_ci","fifty",172,"Mertensia franciscana",14,156,210,88
"low_ci","ninety",189,"Mertensia franciscana",14,156,210,88
"low_ci","end",196,"Mertensia franciscana",14,156,210,88
"high_ci","onset",141,"Mertensia franciscana",14,156,210,88
"high_ci","tenth",164,"Mertensia franciscana",14,156,210,88
"high_ci","fifty",189,"Mertensia franciscana",14,156,210,88
"high_ci","ninety",210,"Mertensia franciscana",14,156,210,88
"high_ci","end",224,"Mertensia franciscana",14,156,210,88
"estimate","onset",93,"Monolepis nuttalliana",12,158,262,179
"estimate","tenth",136,"Monolepis nuttalliana",12,158,262,179
"estimate","fifty",196,"Monolepis nuttalliana",12,158,262,179
"estimate","ninety",244,"Monolepis nuttalliana",12,158,262,179
"estimate","end",272,"Monolepis nuttalliana",12,158,262,179
"low_ci","onset",71,"Monolepis nuttalliana",12,158,262,179
"low_ci","tenth",123,"Monolepis nuttalliana",12,158,262,179
"low_ci","fifty",175,"Monolepis nuttalliana",12,158,262,179
"low_ci","ninety",216,"Monolepis nuttalliana",12,158,262,179
"low_ci","end",228,"Monolepis nuttalliana",12,158,262,179
"high_ci","onset",119,"Monolepis nuttalliana",12,158,262,179
"high_ci","tenth",159,"Monolepis nuttalliana",12,158,262,179
"high_ci","fifty",211,"Monolepis nuttalliana",12,158,262,179
"high_ci","ninety",261,"Monolepis nuttalliana",12,158,262,179
"high_ci","end",300,"Monolepis nuttalliana",12,158,262,179
"estimate","onset",178,"Montia chamissoi",10,187,241,71
"estimate","tenth",204,"Montia chamissoi",10,187,241,71
"estimate","fifty",225,"Montia chamissoi",10,187,241,71
"estimate","ninety",240,"Montia chamissoi",10,187,241,71
"estimate","end",249,"Montia chamissoi",10,187,241,71
"low_ci","onset",150,"Montia chamissoi",10,187,241,71
"low_ci","tenth",185,"Montia chamissoi",10,187,241,71
"low_ci","fifty",216,"Montia chamissoi",10,187,241,71
"low_ci","ninety",233,"Montia chamissoi",10,187,241,71
"low_ci","end",240,"Montia chamissoi",10,187,241,71
"high_ci","onset",204,"Montia chamissoi",10,187,241,71
"high_ci","tenth",222,"Montia chamissoi",10,187,241,71
"high_ci","fifty",231,"Montia chamissoi",10,187,241,71
"high_ci","ninety",244,"Montia chamissoi",10,187,241,71
"high_ci","end",257,"Montia chamissoi",10,187,241,71
"estimate","onset",187,"Orthocarpus luteus",14,200,235,50
"estimate","tenth",204,"Orthocarpus luteus",14,200,235,50
"estimate","fifty",221,"Orthocarpus luteus",14,200,235,50
"estimate","ninety",232,"Orthocarpus luteus",14,200,235,50
"estimate","end",237,"Orthocarpus luteus",14,200,235,50
"low_ci","onset",174,"Orthocarpus luteus",14,200,235,50
"low_ci","tenth",197,"Orthocarpus luteus",14,200,235,50
"low_ci","fifty",215,"Orthocarpus luteus",14,200,235,50
"low_ci","ninety",226,"Orthocarpus luteus",14,200,235,50
"low_ci","end",231,"Orthocarpus luteus",14,200,235,50
"high_ci","onset",201,"Orthocarpus luteus",14,200,235,50
"high_ci","tenth",214,"Orthocarpus luteus",14,200,235,50
"high_ci","fifty",224,"Orthocarpus luteus",14,200,235,50
"high_ci","ninety",235,"Orthocarpus luteus",14,200,235,50
"high_ci","end",242,"Orthocarpus luteus",14,200,235,50
"estimate","onset",137,"Pedicularis crenulata",14,167,216,87
"estimate","tenth",166,"Pedicularis crenulata",14,167,216,87
"estimate","fifty",193,"Pedicularis crenulata",14,167,216,87
"estimate","ninety",214,"Pedicularis crenulata",14,167,216,87
"estimate","end",224,"Pedicularis crenulata",14,167,216,87
"low_ci","onset",124,"Pedicularis crenulata",14,167,216,87
"low_ci","tenth",156,"Pedicularis crenulata",14,167,216,87
"low_ci","fifty",187,"Pedicularis crenulata",14,167,216,87
"low_ci","ninety",203,"Pedicularis crenulata",14,167,216,87
"low_ci","end",216,"Pedicularis crenulata",14,167,216,87
"high_ci","onset",156,"Pedicularis crenulata",14,167,216,87
"high_ci","tenth",179,"Pedicularis crenulata",14,167,216,87
"high_ci","fifty",203,"Pedicularis crenulata",14,167,216,87
"high_ci","ninety",219,"Pedicularis crenulata",14,167,216,87
"high_ci","end",231,"Pedicularis crenulata",14,167,216,87
"estimate","onset",108,"Plagiobothrys scouleri",11,160,240,141
"estimate","tenth",154,"Plagiobothrys scouleri",11,160,240,141
"estimate","fifty",192,"Plagiobothrys scouleri",11,160,240,141
"estimate","ninety",233,"Plagiobothrys scouleri",11,160,240,141
"estimate","end",249,"Plagiobothrys scouleri",11,160,240,141
"low_ci","onset",90,"Plagiobothrys scouleri",11,160,240,141
"low_ci","tenth",137,"Plagiobothrys scouleri",11,160,240,141
"low_ci","fifty",180,"Plagiobothrys scouleri",11,160,240,141
"low_ci","ninety",200,"Plagiobothrys scouleri",11,160,240,141
"low_ci","end",207,"Plagiobothrys scouleri",11,160,240,141
"high_ci","onset",138,"Plagiobothrys scouleri",11,160,240,141
"high_ci","tenth",168,"Plagiobothrys scouleri",11,160,240,141
"high_ci","fifty",211,"Plagiobothrys scouleri",11,160,240,141
"high_ci","ninety",247,"Plagiobothrys scouleri",11,160,240,141
"high_ci","end",272,"Plagiobothrys scouleri",11,160,240,141
"estimate","onset",155,"Prunella vulgaris",10,168,221,70
"estimate","tenth",183,"Prunella vulgaris",10,168,221,70
"estimate","fifty",202,"Prunella vulgaris",10,168,221,70
"estimate","ninety",219,"Prunella vulgaris",10,168,221,70
"estimate","end",225,"Prunella vulgaris",10,168,221,70
"low_ci","onset",138,"Prunella vulgaris",10,168,221,70
"low_ci","tenth",167,"Prunella vulgaris",10,168,221,70
"low_ci","fifty",196,"Prunella vulgaris",10,168,221,70
"low_ci","ninety",209,"Prunella vulgaris",10,168,221,70
"low_ci","end",215,"Prunella vulgaris",10,168,221,70
"high_ci","onset",182,"Prunella vulgaris",10,168,221,70
"high_ci","tenth",194,"Prunella vulgaris",10,168,221,70
"high_ci","fifty",210,"Prunella vulgaris",10,168,221,70
"high_ci","ninety",223,"Prunella vulgaris",10,168,221,70
"high_ci","end",234,"Prunella vulgaris",10,168,221,70
"estimate","onset",120,"Pseudostellaria jamesiana",23,153,204,91
"estimate","tenth",152,"Pseudostellaria jamesiana",23,153,204,91
"estimate","fifty",180,"Pseudostellaria jamesiana",23,153,204,91
"estimate","ninety",197,"Pseudostellaria jamesiana",23,153,204,91
"estimate","end",211,"Pseudostellaria jamesiana",23,153,204,91
"low_ci","onset",114,"Pseudostellaria jamesiana",23,153,204,91
"low_ci","tenth",143,"Pseudostellaria jamesiana",23,153,204,91
"low_ci","fifty",171,"Pseudostellaria jamesiana",23,153,204,91
"low_ci","ninety",188,"Pseudostellaria jamesiana",23,153,204,91
"low_ci","end",197,"Pseudostellaria jamesiana",23,153,204,91
"high_ci","onset",135,"Pseudostellaria jamesiana",23,153,204,91
"high_ci","tenth",159,"Pseudostellaria jamesiana",23,153,204,91
"high_ci","fifty",183,"Pseudostellaria jamesiana",23,153,204,91
"high_ci","ninety",202,"Pseudostellaria jamesiana",23,153,204,91
"high_ci","end",215,"Pseudostellaria jamesiana",23,153,204,91
"estimate","onset",111,"Purshia tridentata",11,158,228,124
"estimate","tenth",150,"Purshia tridentata",11,158,228,124
"estimate","fifty",182,"Purshia tridentata",11,158,228,124
"estimate","ninety",214,"Purshia tridentata",11,158,228,124
"estimate","end",235,"Purshia tridentata",11,158,228,124
"low_ci","onset",96,"Purshia tridentata",11,158,228,124
"low_ci","tenth",138,"Purshia tridentata",11,158,228,124
"low_ci","fifty",176,"Purshia tridentata",11,158,228,124
"low_ci","ninety",194,"Purshia tridentata",11,158,228,124
"low_ci","end",202,"Purshia tridentata",11,158,228,124
"high_ci","onset",145,"Purshia tridentata",11,158,228,124
"high_ci","tenth",169,"Purshia tridentata",11,158,228,124
"high_ci","fifty",195,"Purshia tridentata",11,158,228,124
"high_ci","ninety",228,"Purshia tridentata",11,158,228,124
"high_ci","end",248,"Purshia tridentata",11,158,228,124
"estimate","onset",141,"Pyrola chlorantha",12,174,240,108
"estimate","tenth",177,"Pyrola chlorantha",12,174,240,108
"estimate","fifty",209,"Pyrola chlorantha",12,174,240,108
"estimate","ninety",233,"Pyrola chlorantha",12,174,240,108
"estimate","end",249,"Pyrola chlorantha",12,174,240,108
"low_ci","onset",123,"Pyrola chlorantha",12,174,240,108
"low_ci","tenth",162,"Pyrola chlorantha",12,174,240,108
"low_ci","fifty",199,"Pyrola chlorantha",12,174,240,108
"low_ci","ninety",217,"Pyrola chlorantha",12,174,240,108
"low_ci","end",224,"Pyrola chlorantha",12,174,240,108
"high_ci","onset",166,"Pyrola chlorantha",12,174,240,108
"high_ci","tenth",190,"Pyrola chlorantha",12,174,240,108
"high_ci","fifty",221,"Pyrola chlorantha",12,174,240,108
"high_ci","ninety",242,"Pyrola chlorantha",12,174,240,108
"high_ci","end",260,"Pyrola chlorantha",12,174,240,108
"estimate","onset",120,"Quercus gambelii",24,155,245,146
"estimate","tenth",169,"Quercus gambelii",24,155,245,146
"estimate","fifty",212,"Quercus gambelii",24,155,245,146
"estimate","ninety",247,"Quercus gambelii",24,155,245,146
"estimate","end",266,"Quercus gambelii",24,155,245,146
"low_ci","onset",107,"Quercus gambelii",24,155,245,146
"low_ci","tenth",151,"Quercus gambelii",24,155,245,146
"low_ci","fifty",202,"Quercus gambelii",24,155,245,146
"low_ci","ninety",236,"Quercus gambelii",24,155,245,146
"low_ci","end",256,"Quercus gambelii",24,155,245,146
"high_ci","onset",153,"Quercus gambelii",24,155,245,146
"high_ci","tenth",190,"Quercus gambelii",24,155,245,146
"high_ci","fifty",223,"Quercus gambelii",24,155,245,146
"high_ci","ninety",252,"Quercus gambelii",24,155,245,146
"high_ci","end",273,"Quercus gambelii",24,155,245,146
"estimate","onset",148,"Rorippa teres",11,182,242,105
"estimate","tenth",183,"Rorippa teres",11,182,242,105
"estimate","fifty",218,"Rorippa teres",11,182,242,105
"estimate","ninety",244,"Rorippa teres",11,182,242,105
"estimate","end",253,"Rorippa teres",11,182,242,105
"low_ci","onset",134,"Rorippa teres",11,182,242,105
"low_ci","tenth",173,"Rorippa teres",11,182,242,105
"low_ci","fifty",206,"Rorippa teres",11,182,242,105
"low_ci","ninety",228,"Rorippa teres",11,182,242,105
"low_ci","end",241,"Rorippa teres",11,182,242,105
"high_ci","onset",176,"Rorippa teres",11,182,242,105
"high_ci","tenth",201,"Rorippa teres",11,182,242,105
"high_ci","fifty",227,"Rorippa teres",11,182,242,105
"high_ci","ninety",247,"Rorippa teres",11,182,242,105
"high_ci","end",261,"Rorippa teres",11,182,242,105
"estimate","onset",167,"Rudbeckia laciniata",14,172,227,69
"estimate","tenth",193,"Rudbeckia laciniata",14,172,227,69
"estimate","fifty",212,"Rudbeckia laciniata",14,172,227,69
"estimate","ninety",226,"Rudbeckia laciniata",14,172,227,69
"estimate","end",236,"Rudbeckia laciniata",14,172,227,69
"low_ci","onset",143,"Rudbeckia laciniata",14,172,227,69
"low_ci","tenth",175,"Rudbeckia laciniata",14,172,227,69
"low_ci","fifty",204,"Rudbeckia laciniata",14,172,227,69
"low_ci","ninety",222,"Rudbeckia laciniata",14,172,227,69
"low_ci","end",227,"Rudbeckia laciniata",14,172,227,69
"high_ci","onset",194,"Rudbeckia laciniata",14,172,227,69
"high_ci","tenth",204,"Rudbeckia laciniata",14,172,227,69
"high_ci","fifty",218,"Rudbeckia laciniata",14,172,227,69
"high_ci","ninety",229,"Rudbeckia laciniata",14,172,227,69
"high_ci","end",243,"Rudbeckia laciniata",14,172,227,69
"estimate","onset",150,"Rumex triangulivalvis",12,170,239,107
"estimate","tenth",181,"Rumex triangulivalvis",12,170,239,107
"estimate","fifty",215,"Rumex triangulivalvis",12,170,239,107
"estimate","ninety",242,"Rumex triangulivalvis",12,170,239,107
"estimate","end",257,"Rumex triangulivalvis",12,170,239,107
"low_ci","onset",122,"Rumex triangulivalvis",12,170,239,107
"low_ci","tenth",161,"Rumex triangulivalvis",12,170,239,107
"low_ci","fifty",202,"Rumex triangulivalvis",12,170,239,107
"low_ci","ninety",233,"Rumex triangulivalvis",12,170,239,107
"low_ci","end",246,"Rumex triangulivalvis",12,170,239,107
"high_ci","onset",187,"Rumex triangulivalvis",12,170,239,107
"high_ci","tenth",209,"Rumex triangulivalvis",12,170,239,107
"high_ci","fifty",228,"Rumex triangulivalvis",12,170,239,107
"high_ci","ninety",246,"Rumex triangulivalvis",12,170,239,107
"high_ci","end",264,"Rumex triangulivalvis",12,170,239,107
"estimate","onset",103,"Salix exigua",18,164,256,150
"estimate","tenth",141,"Salix exigua",18,164,256,150
"estimate","fifty",189,"Salix exigua",18,164,256,150
"estimate","ninety",226,"Salix exigua",18,164,256,150
"estimate","end",253,"Salix exigua",18,164,256,150
"low_ci","onset",90,"Salix exigua",18,164,256,150
"low_ci","tenth",136,"Salix exigua",18,164,256,150
"low_ci","fifty",182,"Salix exigua",18,164,256,150
"low_ci","ninety",201,"Salix exigua",18,164,256,150
"low_ci","end",221,"Salix exigua",18,164,256,150
"high_ci","onset",133,"Salix exigua",18,164,256,150
"high_ci","tenth",162,"Salix exigua",18,164,256,150
"high_ci","fifty",203,"Salix exigua",18,164,256,150
"high_ci","ninety",245,"Salix exigua",18,164,256,150
"high_ci","end",273,"Salix exigua",18,164,256,150
"estimate","onset",134,"Salix lasiandra",11,154,201,68
"estimate","tenth",151,"Salix lasiandra",11,154,201,68
"estimate","fifty",175,"Salix lasiandra",11,154,201,68
"estimate","ninety",194,"Salix lasiandra",11,154,201,68
"estimate","end",202,"Salix lasiandra",11,154,201,68
"low_ci","onset",118,"Salix lasiandra",11,154,201,68
"low_ci","tenth",145,"Salix lasiandra",11,154,201,68
"low_ci","fifty",171,"Salix lasiandra",11,154,201,68
"low_ci","ninety",182,"Salix lasiandra",11,154,201,68
"low_ci","end",187,"Salix lasiandra",11,154,201,68
"high_ci","onset",157,"Salix lasiandra",11,154,201,68
"high_ci","tenth",168,"Salix lasiandra",11,154,201,68
"high_ci","fifty",183,"Salix lasiandra",11,154,201,68
"high_ci","ninety",201,"Salix lasiandra",11,154,201,68
"high_ci","end",213,"Salix lasiandra",11,154,201,68
"estimate","onset",110,"Salix scouleriana",13,162,226,126
"estimate","tenth",154,"Salix scouleriana",13,162,226,126
"estimate","fifty",194,"Salix scouleriana",13,162,226,126
"estimate","ninety",222,"Salix scouleriana",13,162,226,126
"estimate","end",236,"Salix scouleriana",13,162,226,126
"low_ci","onset",103,"Salix scouleriana",13,162,226,126
"low_ci","tenth",141,"Salix scouleriana",13,162,226,126
"low_ci","fifty",178,"Salix scouleriana",13,162,226,126
"low_ci","ninety",204,"Salix scouleriana",13,162,226,126
"low_ci","end",219,"Salix scouleriana",13,162,226,126
"high_ci","onset",135,"Salix scouleriana",13,162,226,126
"high_ci","tenth",168,"Salix scouleriana",13,162,226,126
"high_ci","fifty",201,"Salix scouleriana",13,162,226,126
"high_ci","ninety",228,"Salix scouleriana",13,162,226,126
"high_ci","end",245,"Salix scouleriana",13,162,226,126
"estimate","onset",106,"Sambucus racemosa",12,161,232,136
"estimate","tenth",148,"Sambucus racemosa",12,161,232,136
"estimate","fifty",193,"Sambucus racemosa",12,161,232,136
"estimate","ninety",226,"Sambucus racemosa",12,161,232,136
"estimate","end",242,"Sambucus racemosa",12,161,232,136
"low_ci","onset",97,"Sambucus racemosa",12,161,232,136
"low_ci","tenth",140,"Sambucus racemosa",12,161,232,136
"low_ci","fifty",179,"Sambucus racemosa",12,161,232,136
"low_ci","ninety",201,"Sambucus racemosa",12,161,232,136
"low_ci","end",204,"Sambucus racemosa",12,161,232,136
"high_ci","onset",131,"Sambucus racemosa",12,161,232,136
"high_ci","tenth",167,"Sambucus racemosa",12,161,232,136
"high_ci","fifty",204,"Sambucus racemosa",12,161,232,136
"high_ci","ninety",234,"Sambucus racemosa",12,161,232,136
"high_ci","end",256,"Sambucus racemosa",12,161,232,136
"estimate","onset",173,"Sidalcea candida",16,197,235,64
"estimate","tenth",199,"Sidalcea candida",16,197,235,64
"estimate","fifty",216,"Sidalcea candida",16,197,235,64
"estimate","ninety",230,"Sidalcea candida",16,197,235,64
"estimate","end",237,"Sidalcea candida",16,197,235,64
"low_ci","onset",164,"Sidalcea candida",16,197,235,64
"low_ci","tenth",190,"Sidalcea candida",16,197,235,64
"low_ci","fifty",210,"Sidalcea candida",16,197,235,64
"low_ci","ninety",222,"Sidalcea candida",16,197,235,64
"low_ci","end",230,"Sidalcea candida",16,197,235,64
"high_ci","onset",187,"Sidalcea candida",16,197,235,64
"high_ci","tenth",204,"Sidalcea candida",16,197,235,64
"high_ci","fifty",221,"Sidalcea candida",16,197,235,64
"high_ci","ninety",234,"Sidalcea candida",16,197,235,64
"high_ci","end",242,"Sidalcea candida",16,197,235,64
"estimate","onset",156,"Sidalcea neomexicana",10,172,210,57
"estimate","tenth",179,"Sidalcea neomexicana",10,172,210,57
"estimate","fifty",196,"Sidalcea neomexicana",10,172,210,57
"estimate","ninety",207,"Sidalcea neomexicana",10,172,210,57
"estimate","end",213,"Sidalcea neomexicana",10,172,210,57
"low_ci","onset",146,"Sidalcea neomexicana",10,172,210,57
"low_ci","tenth",168,"Sidalcea neomexicana",10,172,210,57
"low_ci","fifty",190,"Sidalcea neomexicana",10,172,210,57
"low_ci","ninety",200,"Sidalcea neomexicana",10,172,210,57
"low_ci","end",204,"Sidalcea neomexicana",10,172,210,57
"high_ci","onset",176,"Sidalcea neomexicana",10,172,210,57
"high_ci","tenth",189,"Sidalcea neomexicana",10,172,210,57
"high_ci","fifty",200,"Sidalcea neomexicana",10,172,210,57
"high_ci","ninety",211,"Sidalcea neomexicana",10,172,210,57
"high_ci","end",220,"Sidalcea neomexicana",10,172,210,57
"estimate","onset",138,"Silene menziesii",12,165,227,93
"estimate","tenth",169,"Silene menziesii",12,165,227,93
"estimate","fifty",197,"Silene menziesii",12,165,227,93
"estimate","ninety",218,"Silene menziesii",12,165,227,93
"estimate","end",231,"Silene menziesii",12,165,227,93
"low_ci","onset",125,"Silene menziesii",12,165,227,93
"low_ci","tenth",160,"Silene menziesii",12,165,227,93
"low_ci","fifty",189,"Silene menziesii",12,165,227,93
"low_ci","ninety",205,"Silene menziesii",12,165,227,93
"low_ci","end",211,"Silene menziesii",12,165,227,93
"high_ci","onset",169,"Silene menziesii",12,165,227,93
"high_ci","tenth",187,"Silene menziesii",12,165,227,93
"high_ci","fifty",205,"Silene menziesii",12,165,227,93
"high_ci","ninety",226,"Silene menziesii",12,165,227,93
"high_ci","end",239,"Silene menziesii",12,165,227,93
"estimate","onset",158,"Solidago canadensis",13,193,256,107
"estimate","tenth",200,"Solidago canadensis",13,193,256,107
"estimate","fifty",225,"Solidago canadensis",13,193,256,107
"estimate","ninety",252,"Solidago canadensis",13,193,256,107
"estimate","end",265,"Solidago canadensis",13,193,256,107
"low_ci","onset",148,"Solidago canadensis",13,193,256,107
"low_ci","tenth",186,"Solidago canadensis",13,193,256,107
"low_ci","fifty",219,"Solidago canadensis",13,193,256,107
"low_ci","ninety",239,"Solidago canadensis",13,193,256,107
"low_ci","end",252,"Solidago canadensis",13,193,256,107
"high_ci","onset",185,"Solidago canadensis",13,193,256,107
"high_ci","tenth",210,"Solidago canadensis",13,193,256,107
"high_ci","fifty",237,"Solidago canadensis",13,193,256,107
"high_ci","ninety",258,"Solidago canadensis",13,193,256,107
"high_ci","end",273,"Solidago canadensis",13,193,256,107
"estimate","onset",136,"Stellaria longifolia",11,174,239,122
"estimate","tenth",173,"Stellaria longifolia",11,174,239,122
"estimate","fifty",212,"Stellaria longifolia",11,174,239,122
"estimate","ninety",240,"Stellaria longifolia",11,174,239,122
"estimate","end",258,"Stellaria longifolia",11,174,239,122
"low_ci","onset",118,"Stellaria longifolia",11,174,239,122
"low_ci","tenth",158,"Stellaria longifolia",11,174,239,122
"low_ci","fifty",201,"Stellaria longifolia",11,174,239,122
"low_ci","ninety",228,"Stellaria longifolia",11,174,239,122
"low_ci","end",241,"Stellaria longifolia",11,174,239,122
"high_ci","onset",174,"Stellaria longifolia",11,174,239,122
"high_ci","tenth",199,"Stellaria longifolia",11,174,239,122
"high_ci","fifty",225,"Stellaria longifolia",11,174,239,122
"high_ci","ninety",246,"Stellaria longifolia",11,174,239,122
"high_ci","end",265,"Stellaria longifolia",11,174,239,122
"estimate","onset",120,"Tetradymia canescens",12,176,269,150
"estimate","tenth",163,"Tetradymia canescens",12,176,269,150
"estimate","fifty",208,"Tetradymia canescens",12,176,269,150
"estimate","ninety",251,"Tetradymia canescens",12,176,269,150
"estimate","end",270,"Tetradymia canescens",12,176,269,150
"low_ci","onset",103,"Tetradymia canescens",12,176,269,150
"low_ci","tenth",155,"Tetradymia canescens",12,176,269,150
"low_ci","fifty",200,"Tetradymia canescens",12,176,269,150
"low_ci","ninety",224,"Tetradymia canescens",12,176,269,150
"low_ci","end",231,"Tetradymia canescens",12,176,269,150
"high_ci","onset",159,"Tetradymia canescens",12,176,269,150
"high_ci","tenth",186,"Tetradymia canescens",12,176,269,150
"high_ci","fifty",227,"Tetradymia canescens",12,176,269,150
"high_ci","ninety",267,"Tetradymia canescens",12,176,269,150
"high_ci","end",293,"Tetradymia canescens",12,176,269,150
"estimate","onset",142,"Thermopsis montana",14,154,222,95
"estimate","tenth",177,"Thermopsis montana",14,154,222,95
"estimate","fifty",206,"Thermopsis montana",14,154,222,95
"estimate","ninety",226,"Thermopsis montana",14,154,222,95
"estimate","end",237,"Thermopsis montana",14,154,222,95
"low_ci","onset",114,"Thermopsis montana",14,154,222,95
"low_ci","tenth",156,"Thermopsis montana",14,154,222,95
"low_ci","fifty",193,"Thermopsis montana",14,154,222,95
"low_ci","ninety",218,"Thermopsis montana",14,154,222,95
"low_ci","end",230,"Thermopsis montana",14,154,222,95
"high_ci","onset",171,"Thermopsis montana",14,154,222,95
"high_ci","tenth",196,"Thermopsis montana",14,154,222,95
"high_ci","fifty",212,"Thermopsis montana",14,154,222,95
"high_ci","ninety",230,"Thermopsis montana",14,154,222,95
"high_ci","end",246,"Thermopsis montana",14,154,222,95
